2025-11-24 22:23:10,351:WARNING:
'cuml' is a soft dependency and not included in the pycaret installation. Please run: `pip install cuml` to install.
2025-11-24 22:23:10,352:WARNING:
'cuml' is a soft dependency and not included in the pycaret installation. Please run: `pip install cuml` to install.
2025-11-24 22:23:10,352:WARNING:
'cuml' is a soft dependency and not included in the pycaret installation. Please run: `pip install cuml` to install.
2025-11-24 22:23:10,352:WARNING:
'cuml' is a soft dependency and not included in the pycaret installation. Please run: `pip install cuml` to install.
2025-11-24 22:24:19,436:INFO:PyCaret RegressionExperiment
2025-11-24 22:24:19,437:INFO:Logging name: reg-default-name
2025-11-24 22:24:19,437:INFO:ML Usecase: MLUsecase.REGRESSION
2025-11-24 22:24:19,438:INFO:version 3.3.2
2025-11-24 22:24:19,438:INFO:Initializing setup()
2025-11-24 22:24:19,438:INFO:self.USI: 7332
2025-11-24 22:24:19,438:INFO:self._variable_keys: {'exp_name_log', 'n_jobs_param', 'log_plots_param', 'USI', 'gpu_n_jobs_param', 'target_param', 'seed', 'idx', 'X_train', 'y_train', 'transform_target_param', 'y_test', '_ml_usecase', 'memory', 'fold_generator', 'gpu_param', 'X', 'fold_shuffle_param', 'X_test', 'data', 'exp_id', 'fold_groups_param', 'y', '_available_plots', 'logging_param', 'pipeline', 'html_param'}
2025-11-24 22:24:19,438:INFO:Checking environment
2025-11-24 22:24:19,438:INFO:python_version: 3.10.6
2025-11-24 22:24:19,438:INFO:python_build: ('tags/v3.10.6:9c7b4bd', 'Aug  1 2022 21:53:49')
2025-11-24 22:24:19,438:INFO:machine: AMD64
2025-11-24 22:24:19,438:INFO:platform: Windows-10-10.0.28000-SP0
2025-11-24 22:24:19,440:INFO:Memory: svmem(total=16866885632, available=2805030912, percent=83.4, used=14061854720, free=2805030912)
2025-11-24 22:24:19,440:INFO:Physical Core: 8
2025-11-24 22:24:19,440:INFO:Logical Core: 16
2025-11-24 22:24:19,440:INFO:Checking libraries
2025-11-24 22:24:19,441:INFO:System:
2025-11-24 22:24:19,441:INFO:    python: 3.10.6 (tags/v3.10.6:9c7b4bd, Aug  1 2022, 21:53:49) [MSC v.1932 64 bit (AMD64)]
2025-11-24 22:24:19,441:INFO:executable: c:\Users\iljas\AppData\Local\Programs\Python\Python310\python.exe
2025-11-24 22:24:19,441:INFO:   machine: Windows-10-10.0.28000-SP0
2025-11-24 22:24:19,441:INFO:PyCaret required dependencies:
2025-11-24 22:24:21,844:INFO:                 pip: 22.2.1
2025-11-24 22:24:21,844:INFO:          setuptools: 80.9.0
2025-11-24 22:24:21,844:INFO:             pycaret: 3.3.2
2025-11-24 22:24:21,844:INFO:             IPython: 8.29.0
2025-11-24 22:24:21,844:INFO:          ipywidgets: 8.1.8
2025-11-24 22:24:21,844:INFO:                tqdm: 4.67.1
2025-11-24 22:24:21,844:INFO:               numpy: 1.26.4
2025-11-24 22:24:21,844:INFO:              pandas: 2.1.4
2025-11-24 22:24:21,844:INFO:              jinja2: 3.1.6
2025-11-24 22:24:21,844:INFO:               scipy: 1.11.4
2025-11-24 22:24:21,844:INFO:              joblib: 1.3.2
2025-11-24 22:24:21,844:INFO:             sklearn: 1.4.2
2025-11-24 22:24:21,844:INFO:                pyod: 2.0.5
2025-11-24 22:24:21,844:INFO:            imblearn: 0.14.0
2025-11-24 22:24:21,844:INFO:   category_encoders: 2.7.0
2025-11-24 22:24:21,844:INFO:            lightgbm: 4.6.0
2025-11-24 22:24:21,844:INFO:               numba: 0.62.1
2025-11-24 22:24:21,844:INFO:            requests: 2.32.5
2025-11-24 22:24:21,844:INFO:          matplotlib: 3.7.2
2025-11-24 22:24:21,844:INFO:          scikitplot: 0.3.7
2025-11-24 22:24:21,844:INFO:         yellowbrick: 1.5
2025-11-24 22:24:21,844:INFO:              plotly: 5.24.1
2025-11-24 22:24:21,844:INFO:    plotly-resampler: Not installed
2025-11-24 22:24:21,845:INFO:             kaleido: 1.2.0
2025-11-24 22:24:21,845:INFO:           schemdraw: 0.15
2025-11-24 22:24:21,845:INFO:         statsmodels: 0.14.5
2025-11-24 22:24:21,845:INFO:              sktime: 0.26.0
2025-11-24 22:24:21,845:INFO:               tbats: 1.1.3
2025-11-24 22:24:21,845:INFO:            pmdarima: 2.0.4
2025-11-24 22:24:21,845:INFO:              psutil: 5.9.5
2025-11-24 22:24:21,845:INFO:          markupsafe: 2.1.3
2025-11-24 22:24:21,845:INFO:             pickle5: Not installed
2025-11-24 22:24:21,845:INFO:         cloudpickle: 3.1.2
2025-11-24 22:24:21,845:INFO:         deprecation: 2.1.0
2025-11-24 22:24:21,845:INFO:              xxhash: 3.6.0
2025-11-24 22:24:21,845:INFO:           wurlitzer: Not installed
2025-11-24 22:24:21,845:INFO:PyCaret optional dependencies:
2025-11-24 22:24:57,525:INFO:                shap: 0.44.1
2025-11-24 22:24:57,525:INFO:           interpret: 0.7.3
2025-11-24 22:24:57,526:INFO:                umap: 0.5.7
2025-11-24 22:24:57,526:INFO:     ydata_profiling: 4.18.0
2025-11-24 22:24:57,526:INFO:  explainerdashboard: 0.5.1
2025-11-24 22:24:57,526:INFO:             autoviz: Not installed
2025-11-24 22:24:57,526:INFO:           fairlearn: 0.7.0
2025-11-24 22:24:57,526:INFO:          deepchecks: Not installed
2025-11-24 22:24:57,526:INFO:             xgboost: 3.1.2
2025-11-24 22:24:57,526:INFO:            catboost: 1.2.8
2025-11-24 22:24:57,526:INFO:              kmodes: 0.12.2
2025-11-24 22:24:57,526:INFO:             mlxtend: 0.23.4
2025-11-24 22:24:57,526:INFO:       statsforecast: 1.5.0
2025-11-24 22:24:57,526:INFO:        tune_sklearn: Not installed
2025-11-24 22:24:57,526:INFO:                 ray: Not installed
2025-11-24 22:24:57,526:INFO:            hyperopt: 0.2.7
2025-11-24 22:24:57,526:INFO:              optuna: 4.6.0
2025-11-24 22:24:57,526:INFO:               skopt: 0.10.2
2025-11-24 22:24:57,526:INFO:              mlflow: 3.6.0
2025-11-24 22:24:57,526:INFO:              gradio: 6.0.0
2025-11-24 22:24:57,526:INFO:             fastapi: 0.122.0
2025-11-24 22:24:57,526:INFO:             uvicorn: 0.22.0
2025-11-24 22:24:57,526:INFO:              m2cgen: 0.10.0
2025-11-24 22:24:57,526:INFO:           evidently: 0.4.40
2025-11-24 22:24:57,526:INFO:               fugue: 0.8.7
2025-11-24 22:24:57,526:INFO:           streamlit: Not installed
2025-11-24 22:24:57,526:INFO:             prophet: Not installed
2025-11-24 22:24:57,526:INFO:None
2025-11-24 22:24:57,526:INFO:Set up data.
2025-11-24 22:24:57,591:INFO:Set up folding strategy.
2025-11-24 22:24:57,591:INFO:Set up train/test split.
2025-11-24 22:24:57,601:INFO:Set up index.
2025-11-24 22:24:57,602:INFO:Assigning column types.
2025-11-24 22:24:57,608:INFO:Engine successfully changes for model 'lr' to 'sklearn'.
2025-11-24 22:24:57,608:INFO:Engine for model 'lasso' has not been set explicitly, hence returning None.
2025-11-24 22:24:57,611:INFO:Engine for model 'ridge' has not been set explicitly, hence returning None.
2025-11-24 22:24:57,616:INFO:Engine for model 'en' has not been set explicitly, hence returning None.
2025-11-24 22:24:57,671:INFO:Engine for model 'svm' has not been set explicitly, hence returning None.
2025-11-24 22:24:57,710:INFO:Engine for model 'knn' has not been set explicitly, hence returning None.
2025-11-24 22:24:57,710:INFO:Soft dependency imported: xgboost: 3.1.2
2025-11-24 22:24:57,713:INFO:Soft dependency imported: catboost: 1.2.8
2025-11-24 22:24:59,252:INFO:Engine for model 'lasso' has not been set explicitly, hence returning None.
2025-11-24 22:24:59,256:INFO:Engine for model 'ridge' has not been set explicitly, hence returning None.
2025-11-24 22:24:59,260:INFO:Engine for model 'en' has not been set explicitly, hence returning None.
2025-11-24 22:24:59,312:INFO:Engine for model 'svm' has not been set explicitly, hence returning None.
2025-11-24 22:24:59,349:INFO:Engine for model 'knn' has not been set explicitly, hence returning None.
2025-11-24 22:24:59,350:INFO:Soft dependency imported: xgboost: 3.1.2
2025-11-24 22:24:59,352:INFO:Soft dependency imported: catboost: 1.2.8
2025-11-24 22:24:59,353:INFO:Engine successfully changes for model 'lasso' to 'sklearn'.
2025-11-24 22:24:59,356:INFO:Engine for model 'ridge' has not been set explicitly, hence returning None.
2025-11-24 22:24:59,361:INFO:Engine for model 'en' has not been set explicitly, hence returning None.
2025-11-24 22:24:59,420:INFO:Engine for model 'svm' has not been set explicitly, hence returning None.
2025-11-24 22:24:59,460:INFO:Engine for model 'knn' has not been set explicitly, hence returning None.
2025-11-24 22:24:59,460:INFO:Soft dependency imported: xgboost: 3.1.2
2025-11-24 22:24:59,465:INFO:Soft dependency imported: catboost: 1.2.8
2025-11-24 22:24:59,469:INFO:Engine for model 'ridge' has not been set explicitly, hence returning None.
2025-11-24 22:24:59,472:INFO:Engine for model 'en' has not been set explicitly, hence returning None.
2025-11-24 22:24:59,529:INFO:Engine for model 'svm' has not been set explicitly, hence returning None.
2025-11-24 22:24:59,577:INFO:Engine for model 'knn' has not been set explicitly, hence returning None.
2025-11-24 22:24:59,577:INFO:Soft dependency imported: xgboost: 3.1.2
2025-11-24 22:24:59,579:INFO:Soft dependency imported: catboost: 1.2.8
2025-11-24 22:24:59,580:INFO:Engine successfully changes for model 'ridge' to 'sklearn'.
2025-11-24 22:24:59,587:INFO:Engine for model 'en' has not been set explicitly, hence returning None.
2025-11-24 22:24:59,641:INFO:Engine for model 'svm' has not been set explicitly, hence returning None.
2025-11-24 22:24:59,678:INFO:Engine for model 'knn' has not been set explicitly, hence returning None.
2025-11-24 22:24:59,679:INFO:Soft dependency imported: xgboost: 3.1.2
2025-11-24 22:24:59,681:INFO:Soft dependency imported: catboost: 1.2.8
2025-11-24 22:24:59,689:INFO:Engine for model 'en' has not been set explicitly, hence returning None.
2025-11-24 22:24:59,742:INFO:Engine for model 'svm' has not been set explicitly, hence returning None.
2025-11-24 22:24:59,783:INFO:Engine for model 'knn' has not been set explicitly, hence returning None.
2025-11-24 22:24:59,783:INFO:Soft dependency imported: xgboost: 3.1.2
2025-11-24 22:24:59,785:INFO:Soft dependency imported: catboost: 1.2.8
2025-11-24 22:24:59,786:INFO:Engine successfully changes for model 'en' to 'sklearn'.
2025-11-24 22:24:59,850:INFO:Engine for model 'svm' has not been set explicitly, hence returning None.
2025-11-24 22:24:59,890:INFO:Engine for model 'knn' has not been set explicitly, hence returning None.
2025-11-24 22:24:59,891:INFO:Soft dependency imported: xgboost: 3.1.2
2025-11-24 22:24:59,893:INFO:Soft dependency imported: catboost: 1.2.8
2025-11-24 22:24:59,960:INFO:Engine for model 'svm' has not been set explicitly, hence returning None.
2025-11-24 22:25:00,003:INFO:Engine for model 'knn' has not been set explicitly, hence returning None.
2025-11-24 22:25:00,004:INFO:Soft dependency imported: xgboost: 3.1.2
2025-11-24 22:25:00,007:INFO:Soft dependency imported: catboost: 1.2.8
2025-11-24 22:25:00,007:INFO:Engine successfully changes for model 'knn' to 'sklearn'.
2025-11-24 22:25:00,078:INFO:Engine for model 'svm' has not been set explicitly, hence returning None.
2025-11-24 22:25:00,123:INFO:Soft dependency imported: xgboost: 3.1.2
2025-11-24 22:25:00,125:INFO:Soft dependency imported: catboost: 1.2.8
2025-11-24 22:25:00,196:INFO:Engine for model 'svm' has not been set explicitly, hence returning None.
2025-11-24 22:25:00,240:INFO:Soft dependency imported: xgboost: 3.1.2
2025-11-24 22:25:00,243:INFO:Soft dependency imported: catboost: 1.2.8
2025-11-24 22:25:00,244:INFO:Engine successfully changes for model 'svm' to 'sklearn'.
2025-11-24 22:25:00,355:INFO:Soft dependency imported: xgboost: 3.1.2
2025-11-24 22:25:00,358:INFO:Soft dependency imported: catboost: 1.2.8
2025-11-24 22:25:00,470:INFO:Soft dependency imported: xgboost: 3.1.2
2025-11-24 22:25:00,473:INFO:Soft dependency imported: catboost: 1.2.8
2025-11-24 22:25:00,478:INFO:Preparing preprocessing pipeline...
2025-11-24 22:25:00,478:INFO:Set up simple imputation.
2025-11-24 22:25:00,489:INFO:Set up encoding of ordinal features.
2025-11-24 22:25:00,493:INFO:Set up encoding of categorical features.
2025-11-24 22:25:00,493:INFO:Set up feature normalization.
2025-11-24 22:25:00,871:INFO:Finished creating preprocessing pipeline.
2025-11-24 22:25:00,900:INFO:Pipeline: Pipeline(memory=FastMemory(location=C:\Users\iljas\AppData\Local\Temp\joblib),
         steps=[('numerical_imputer',
                 TransformerWrapper(include=['year', 'month'],
                                    transformer=SimpleImputer())),
                ('categorical_imputer',
                 TransformerWrapper(include=['property_type', 'old_or_new',
                                             'duration', 'town_or_city',
                                             'district', 'county'],
                                    transformer=SimpleImputer(strategy='most_fr...
                 TransformerWrapper(include=['property_type'],
                                    transformer=OneHotEncoder(cols=['property_type'],
                                                              handle_missing='return_nan',
                                                              use_cat_names=True))),
                ('rest_encoding',
                 TransformerWrapper(include=['town_or_city', 'district',
                                             'county'],
                                    transformer=TargetEncoder(cols=['town_or_city',
                                                                    'district',
                                                                    'county'],
                                                              handle_missing='return_nan'))),
                ('normalize',
                 TransformerWrapper(transformer=StandardScaler()))])
2025-11-24 22:25:00,900:INFO:Creating final display dataframe.
2025-11-24 22:25:01,463:INFO:Setup _display_container:                     Description             Value
0                    Session id                42
1                        Target             price
2                   Target type        Regression
3           Original data shape        (50000, 9)
4        Transformed data shape       (50000, 12)
5   Transformed train set shape       (35000, 12)
6    Transformed test set shape       (15000, 12)
7              Numeric features                 2
8          Categorical features                 6
9                    Preprocess              True
10              Imputation type            simple
11           Numeric imputation              mean
12       Categorical imputation              mode
13     Maximum one-hot encoding                25
14              Encoding method              None
15                    Normalize              True
16             Normalize method            zscore
17               Fold Generator             KFold
18                  Fold Number                10
19                     CPU Jobs                -1
20                      Use GPU             False
21               Log Experiment             False
22              Experiment Name  reg-default-name
23                          USI              7332
2025-11-24 22:25:01,585:INFO:Soft dependency imported: xgboost: 3.1.2
2025-11-24 22:25:01,587:INFO:Soft dependency imported: catboost: 1.2.8
2025-11-24 22:25:01,685:INFO:Soft dependency imported: xgboost: 3.1.2
2025-11-24 22:25:01,687:INFO:Soft dependency imported: catboost: 1.2.8
2025-11-24 22:25:01,688:INFO:setup() successfully completed in 42.27s...............
2025-11-24 22:25:01,688:INFO:Initializing compare_models()
2025-11-24 22:25:01,688:INFO:compare_models(self=<pycaret.regression.oop.RegressionExperiment object at 0x0000022C4855AB60>, include=None, fold=None, round=4, cross_validation=True, sort=R2, n_select=1, budget_time=None, turbo=True, errors=ignore, fit_kwargs=None, groups=None, experiment_custom_tags=None, probability_threshold=None, verbose=True, parallel=None, caller_params={'self': <pycaret.regression.oop.RegressionExperiment object at 0x0000022C4855AB60>, 'include': None, 'exclude': None, 'fold': None, 'round': 4, 'cross_validation': True, 'sort': 'R2', 'n_select': 1, 'budget_time': None, 'turbo': True, 'errors': 'ignore', 'fit_kwargs': None, 'groups': None, 'experiment_custom_tags': None, 'engine': None, 'verbose': True, 'parallel': None, '__class__': <class 'pycaret.regression.oop.RegressionExperiment'>}, exclude=None)
2025-11-24 22:25:01,688:INFO:Checking exceptions
2025-11-24 22:25:01,693:INFO:Preparing display monitor
2025-11-24 22:25:01,713:INFO:Initializing Linear Regression
2025-11-24 22:25:01,713:INFO:Total runtime is 0.0 minutes
2025-11-24 22:25:01,715:INFO:SubProcess create_model() called ==================================
2025-11-24 22:25:01,715:INFO:Initializing create_model()
2025-11-24 22:25:01,715:INFO:create_model(self=<pycaret.regression.oop.RegressionExperiment object at 0x0000022C4855AB60>, estimator=lr, fold=KFold(n_splits=10, random_state=None, shuffle=False), round=4, cross_validation=True, predict=True, fit_kwargs={}, groups=None, refit=False, probability_threshold=None, experiment_custom_tags=None, verbose=False, system=False, add_to_model_list=True, metrics=None, display=<pycaret.internal.display.display.CommonDisplay object at 0x0000022C59853910>, model_only=True, return_train_score=False, error_score=0.0, kwargs={})
2025-11-24 22:25:01,716:INFO:Checking exceptions
2025-11-24 22:25:01,716:INFO:Importing libraries
2025-11-24 22:25:01,716:INFO:Copying training dataset
2025-11-24 22:25:01,725:INFO:Defining folds
2025-11-24 22:25:01,726:INFO:Declaring metric variables
2025-11-24 22:25:01,728:INFO:Importing untrained model
2025-11-24 22:25:01,731:INFO:Linear Regression Imported successfully
2025-11-24 22:25:01,736:INFO:Starting cross validation
2025-11-24 22:25:01,746:INFO:Cross validating with KFold(n_splits=10, random_state=None, shuffle=False), n_jobs=-1
2025-11-24 22:25:13,144:INFO:Calculating mean and std
2025-11-24 22:25:13,153:INFO:Creating metrics dataframe
2025-11-24 22:25:13,159:INFO:Uploading results into container
2025-11-24 22:25:13,162:INFO:Uploading model into container now
2025-11-24 22:25:13,164:INFO:_master_model_container: 1
2025-11-24 22:25:13,164:INFO:_display_container: 2
2025-11-24 22:25:13,165:INFO:LinearRegression(n_jobs=-1)
2025-11-24 22:25:13,165:INFO:create_model() successfully completed......................................
2025-11-24 22:25:13,541:INFO:SubProcess create_model() end ==================================
2025-11-24 22:25:13,541:INFO:Creating metrics dataframe
2025-11-24 22:25:13,547:INFO:Initializing Lasso Regression
2025-11-24 22:25:13,547:INFO:Total runtime is 0.19723434448242189 minutes
2025-11-24 22:25:13,552:INFO:SubProcess create_model() called ==================================
2025-11-24 22:25:13,553:INFO:Initializing create_model()
2025-11-24 22:25:13,553:INFO:create_model(self=<pycaret.regression.oop.RegressionExperiment object at 0x0000022C4855AB60>, estimator=lasso, fold=KFold(n_splits=10, random_state=None, shuffle=False), round=4, cross_validation=True, predict=True, fit_kwargs={}, groups=None, refit=False, probability_threshold=None, experiment_custom_tags=None, verbose=False, system=False, add_to_model_list=True, metrics=None, display=<pycaret.internal.display.display.CommonDisplay object at 0x0000022C59853910>, model_only=True, return_train_score=False, error_score=0.0, kwargs={})
2025-11-24 22:25:13,553:INFO:Checking exceptions
2025-11-24 22:25:13,553:INFO:Importing libraries
2025-11-24 22:25:13,553:INFO:Copying training dataset
2025-11-24 22:25:13,568:INFO:Defining folds
2025-11-24 22:25:13,568:INFO:Declaring metric variables
2025-11-24 22:25:13,572:INFO:Importing untrained model
2025-11-24 22:25:13,576:INFO:Lasso Regression Imported successfully
2025-11-24 22:25:13,585:INFO:Starting cross validation
2025-11-24 22:25:13,587:INFO:Cross validating with KFold(n_splits=10, random_state=None, shuffle=False), n_jobs=-1
2025-11-24 22:25:14,924:WARNING:c:\Users\iljas\AppData\Local\Programs\Python\Python310\lib\site-packages\sklearn\linear_model\_coordinate_descent.py:678: ConvergenceWarning: Objective did not converge. You might want to increase the number of iterations, check the scale of the features or consider increasing regularisation. Duality gap: 4.266e+13, tolerance: 1.740e+11
  model = cd_fast.enet_coordinate_descent(

2025-11-24 22:25:14,925:WARNING:c:\Users\iljas\AppData\Local\Programs\Python\Python310\lib\site-packages\sklearn\linear_model\_coordinate_descent.py:678: ConvergenceWarning: Objective did not converge. You might want to increase the number of iterations, check the scale of the features or consider increasing regularisation. Duality gap: 4.290e+13, tolerance: 1.764e+11
  model = cd_fast.enet_coordinate_descent(

2025-11-24 22:25:14,943:WARNING:c:\Users\iljas\AppData\Local\Programs\Python\Python310\lib\site-packages\sklearn\linear_model\_coordinate_descent.py:678: ConvergenceWarning: Objective did not converge. You might want to increase the number of iterations, check the scale of the features or consider increasing regularisation. Duality gap: 4.186e+13, tolerance: 1.741e+11
  model = cd_fast.enet_coordinate_descent(

2025-11-24 22:25:14,976:WARNING:c:\Users\iljas\AppData\Local\Programs\Python\Python310\lib\site-packages\sklearn\linear_model\_coordinate_descent.py:678: ConvergenceWarning: Objective did not converge. You might want to increase the number of iterations, check the scale of the features or consider increasing regularisation. Duality gap: 4.326e+13, tolerance: 1.774e+11
  model = cd_fast.enet_coordinate_descent(

2025-11-24 22:25:25,471:WARNING:c:\Users\iljas\AppData\Local\Programs\Python\Python310\lib\site-packages\sklearn\linear_model\_coordinate_descent.py:678: ConvergenceWarning: Objective did not converge. You might want to increase the number of iterations, check the scale of the features or consider increasing regularisation. Duality gap: 4.003e+13, tolerance: 1.670e+11
  model = cd_fast.enet_coordinate_descent(

2025-11-24 22:25:25,480:WARNING:c:\Users\iljas\AppData\Local\Programs\Python\Python310\lib\site-packages\sklearn\linear_model\_coordinate_descent.py:678: ConvergenceWarning: Objective did not converge. You might want to increase the number of iterations, check the scale of the features or consider increasing regularisation. Duality gap: 4.053e+13, tolerance: 1.687e+11
  model = cd_fast.enet_coordinate_descent(

2025-11-24 22:25:25,485:WARNING:c:\Users\iljas\AppData\Local\Programs\Python\Python310\lib\site-packages\sklearn\linear_model\_coordinate_descent.py:678: ConvergenceWarning: Objective did not converge. You might want to increase the number of iterations, check the scale of the features or consider increasing regularisation. Duality gap: 4.010e+13, tolerance: 1.658e+11
  model = cd_fast.enet_coordinate_descent(

2025-11-24 22:25:25,501:WARNING:c:\Users\iljas\AppData\Local\Programs\Python\Python310\lib\site-packages\sklearn\linear_model\_coordinate_descent.py:678: ConvergenceWarning: Objective did not converge. You might want to increase the number of iterations, check the scale of the features or consider increasing regularisation. Duality gap: 4.227e+13, tolerance: 1.741e+11
  model = cd_fast.enet_coordinate_descent(

2025-11-24 22:25:25,517:WARNING:c:\Users\iljas\AppData\Local\Programs\Python\Python310\lib\site-packages\sklearn\linear_model\_coordinate_descent.py:678: ConvergenceWarning: Objective did not converge. You might want to increase the number of iterations, check the scale of the features or consider increasing regularisation. Duality gap: 3.977e+13, tolerance: 1.656e+11
  model = cd_fast.enet_coordinate_descent(

2025-11-24 22:25:25,577:INFO:Calculating mean and std
2025-11-24 22:25:25,580:INFO:Creating metrics dataframe
2025-11-24 22:25:25,583:INFO:Uploading results into container
2025-11-24 22:25:25,585:INFO:Uploading model into container now
2025-11-24 22:25:25,586:INFO:_master_model_container: 2
2025-11-24 22:25:25,586:INFO:_display_container: 2
2025-11-24 22:25:25,586:INFO:Lasso(random_state=42)
2025-11-24 22:25:25,587:INFO:create_model() successfully completed......................................
2025-11-24 22:25:25,819:INFO:SubProcess create_model() end ==================================
2025-11-24 22:25:25,820:INFO:Creating metrics dataframe
2025-11-24 22:25:25,830:INFO:Initializing Ridge Regression
2025-11-24 22:25:25,830:INFO:Total runtime is 0.4019481579462687 minutes
2025-11-24 22:25:25,833:INFO:SubProcess create_model() called ==================================
2025-11-24 22:25:25,833:INFO:Initializing create_model()
2025-11-24 22:25:25,833:INFO:create_model(self=<pycaret.regression.oop.RegressionExperiment object at 0x0000022C4855AB60>, estimator=ridge, fold=KFold(n_splits=10, random_state=None, shuffle=False), round=4, cross_validation=True, predict=True, fit_kwargs={}, groups=None, refit=False, probability_threshold=None, experiment_custom_tags=None, verbose=False, system=False, add_to_model_list=True, metrics=None, display=<pycaret.internal.display.display.CommonDisplay object at 0x0000022C59853910>, model_only=True, return_train_score=False, error_score=0.0, kwargs={})
2025-11-24 22:25:25,833:INFO:Checking exceptions
2025-11-24 22:25:25,833:INFO:Importing libraries
2025-11-24 22:25:25,833:INFO:Copying training dataset
2025-11-24 22:25:25,844:INFO:Defining folds
2025-11-24 22:25:25,844:INFO:Declaring metric variables
2025-11-24 22:25:25,847:INFO:Importing untrained model
2025-11-24 22:25:25,850:INFO:Ridge Regression Imported successfully
2025-11-24 22:25:25,854:INFO:Starting cross validation
2025-11-24 22:25:25,856:INFO:Cross validating with KFold(n_splits=10, random_state=None, shuffle=False), n_jobs=-1
2025-11-24 22:25:26,555:INFO:Calculating mean and std
2025-11-24 22:25:26,557:INFO:Creating metrics dataframe
2025-11-24 22:25:26,558:INFO:Uploading results into container
2025-11-24 22:25:26,558:INFO:Uploading model into container now
2025-11-24 22:25:26,560:INFO:_master_model_container: 3
2025-11-24 22:25:26,560:INFO:_display_container: 2
2025-11-24 22:25:26,560:INFO:Ridge(random_state=42)
2025-11-24 22:25:26,560:INFO:create_model() successfully completed......................................
2025-11-24 22:25:26,743:INFO:SubProcess create_model() end ==================================
2025-11-24 22:25:26,743:INFO:Creating metrics dataframe
2025-11-24 22:25:26,748:INFO:Initializing Elastic Net
2025-11-24 22:25:26,749:INFO:Total runtime is 0.4172696352005005 minutes
2025-11-24 22:25:26,751:INFO:SubProcess create_model() called ==================================
2025-11-24 22:25:26,752:INFO:Initializing create_model()
2025-11-24 22:25:26,752:INFO:create_model(self=<pycaret.regression.oop.RegressionExperiment object at 0x0000022C4855AB60>, estimator=en, fold=KFold(n_splits=10, random_state=None, shuffle=False), round=4, cross_validation=True, predict=True, fit_kwargs={}, groups=None, refit=False, probability_threshold=None, experiment_custom_tags=None, verbose=False, system=False, add_to_model_list=True, metrics=None, display=<pycaret.internal.display.display.CommonDisplay object at 0x0000022C59853910>, model_only=True, return_train_score=False, error_score=0.0, kwargs={})
2025-11-24 22:25:26,752:INFO:Checking exceptions
2025-11-24 22:25:26,752:INFO:Importing libraries
2025-11-24 22:25:26,752:INFO:Copying training dataset
2025-11-24 22:25:26,763:INFO:Defining folds
2025-11-24 22:25:26,763:INFO:Declaring metric variables
2025-11-24 22:25:26,766:INFO:Importing untrained model
2025-11-24 22:25:26,769:INFO:Elastic Net Imported successfully
2025-11-24 22:25:26,774:INFO:Starting cross validation
2025-11-24 22:25:26,776:INFO:Cross validating with KFold(n_splits=10, random_state=None, shuffle=False), n_jobs=-1
2025-11-24 22:25:27,428:INFO:Calculating mean and std
2025-11-24 22:25:27,429:INFO:Creating metrics dataframe
2025-11-24 22:25:27,431:INFO:Uploading results into container
2025-11-24 22:25:27,432:INFO:Uploading model into container now
2025-11-24 22:25:27,432:INFO:_master_model_container: 4
2025-11-24 22:25:27,432:INFO:_display_container: 2
2025-11-24 22:25:27,433:INFO:ElasticNet(random_state=42)
2025-11-24 22:25:27,433:INFO:create_model() successfully completed......................................
2025-11-24 22:25:27,606:INFO:SubProcess create_model() end ==================================
2025-11-24 22:25:27,606:INFO:Creating metrics dataframe
2025-11-24 22:25:27,612:INFO:Initializing Least Angle Regression
2025-11-24 22:25:27,612:INFO:Total runtime is 0.4316538333892822 minutes
2025-11-24 22:25:27,615:INFO:SubProcess create_model() called ==================================
2025-11-24 22:25:27,615:INFO:Initializing create_model()
2025-11-24 22:25:27,615:INFO:create_model(self=<pycaret.regression.oop.RegressionExperiment object at 0x0000022C4855AB60>, estimator=lar, fold=KFold(n_splits=10, random_state=None, shuffle=False), round=4, cross_validation=True, predict=True, fit_kwargs={}, groups=None, refit=False, probability_threshold=None, experiment_custom_tags=None, verbose=False, system=False, add_to_model_list=True, metrics=None, display=<pycaret.internal.display.display.CommonDisplay object at 0x0000022C59853910>, model_only=True, return_train_score=False, error_score=0.0, kwargs={})
2025-11-24 22:25:27,616:INFO:Checking exceptions
2025-11-24 22:25:27,616:INFO:Importing libraries
2025-11-24 22:25:27,617:INFO:Copying training dataset
2025-11-24 22:25:27,626:INFO:Defining folds
2025-11-24 22:25:27,626:INFO:Declaring metric variables
2025-11-24 22:25:27,629:INFO:Importing untrained model
2025-11-24 22:25:27,631:INFO:Least Angle Regression Imported successfully
2025-11-24 22:25:27,635:INFO:Starting cross validation
2025-11-24 22:25:27,637:INFO:Cross validating with KFold(n_splits=10, random_state=None, shuffle=False), n_jobs=-1
2025-11-24 22:25:28,303:INFO:Calculating mean and std
2025-11-24 22:25:28,305:INFO:Creating metrics dataframe
2025-11-24 22:25:28,306:INFO:Uploading results into container
2025-11-24 22:25:28,308:INFO:Uploading model into container now
2025-11-24 22:25:28,309:INFO:_master_model_container: 5
2025-11-24 22:25:28,309:INFO:_display_container: 2
2025-11-24 22:25:28,309:INFO:Lars(random_state=42)
2025-11-24 22:25:28,310:INFO:create_model() successfully completed......................................
2025-11-24 22:25:28,524:INFO:SubProcess create_model() end ==================================
2025-11-24 22:25:28,524:INFO:Creating metrics dataframe
2025-11-24 22:25:28,533:INFO:Initializing Lasso Least Angle Regression
2025-11-24 22:25:28,533:INFO:Total runtime is 0.4469921708106994 minutes
2025-11-24 22:25:28,537:INFO:SubProcess create_model() called ==================================
2025-11-24 22:25:28,537:INFO:Initializing create_model()
2025-11-24 22:25:28,537:INFO:create_model(self=<pycaret.regression.oop.RegressionExperiment object at 0x0000022C4855AB60>, estimator=llar, fold=KFold(n_splits=10, random_state=None, shuffle=False), round=4, cross_validation=True, predict=True, fit_kwargs={}, groups=None, refit=False, probability_threshold=None, experiment_custom_tags=None, verbose=False, system=False, add_to_model_list=True, metrics=None, display=<pycaret.internal.display.display.CommonDisplay object at 0x0000022C59853910>, model_only=True, return_train_score=False, error_score=0.0, kwargs={})
2025-11-24 22:25:28,537:INFO:Checking exceptions
2025-11-24 22:25:28,537:INFO:Importing libraries
2025-11-24 22:25:28,537:INFO:Copying training dataset
2025-11-24 22:25:28,549:INFO:Defining folds
2025-11-24 22:25:28,549:INFO:Declaring metric variables
2025-11-24 22:25:28,554:INFO:Importing untrained model
2025-11-24 22:25:28,557:INFO:Lasso Least Angle Regression Imported successfully
2025-11-24 22:25:28,563:INFO:Starting cross validation
2025-11-24 22:25:28,565:INFO:Cross validating with KFold(n_splits=10, random_state=None, shuffle=False), n_jobs=-1
2025-11-24 22:25:29,399:INFO:Calculating mean and std
2025-11-24 22:25:29,403:INFO:Creating metrics dataframe
2025-11-24 22:25:29,406:INFO:Uploading results into container
2025-11-24 22:25:29,406:INFO:Uploading model into container now
2025-11-24 22:25:29,407:INFO:_master_model_container: 6
2025-11-24 22:25:29,407:INFO:_display_container: 2
2025-11-24 22:25:29,407:INFO:LassoLars(random_state=42)
2025-11-24 22:25:29,408:INFO:create_model() successfully completed......................................
2025-11-24 22:25:29,643:INFO:SubProcess create_model() end ==================================
2025-11-24 22:25:29,643:INFO:Creating metrics dataframe
2025-11-24 22:25:29,653:INFO:Initializing Orthogonal Matching Pursuit
2025-11-24 22:25:29,654:INFO:Total runtime is 0.46568082571029656 minutes
2025-11-24 22:25:29,658:INFO:SubProcess create_model() called ==================================
2025-11-24 22:25:29,658:INFO:Initializing create_model()
2025-11-24 22:25:29,659:INFO:create_model(self=<pycaret.regression.oop.RegressionExperiment object at 0x0000022C4855AB60>, estimator=omp, fold=KFold(n_splits=10, random_state=None, shuffle=False), round=4, cross_validation=True, predict=True, fit_kwargs={}, groups=None, refit=False, probability_threshold=None, experiment_custom_tags=None, verbose=False, system=False, add_to_model_list=True, metrics=None, display=<pycaret.internal.display.display.CommonDisplay object at 0x0000022C59853910>, model_only=True, return_train_score=False, error_score=0.0, kwargs={})
2025-11-24 22:25:29,659:INFO:Checking exceptions
2025-11-24 22:25:29,659:INFO:Importing libraries
2025-11-24 22:25:29,659:INFO:Copying training dataset
2025-11-24 22:25:29,673:INFO:Defining folds
2025-11-24 22:25:29,673:INFO:Declaring metric variables
2025-11-24 22:25:29,677:INFO:Importing untrained model
2025-11-24 22:25:29,681:INFO:Orthogonal Matching Pursuit Imported successfully
2025-11-24 22:25:29,688:INFO:Starting cross validation
2025-11-24 22:25:29,689:INFO:Cross validating with KFold(n_splits=10, random_state=None, shuffle=False), n_jobs=-1
2025-11-24 22:25:30,424:INFO:Calculating mean and std
2025-11-24 22:25:30,426:INFO:Creating metrics dataframe
2025-11-24 22:25:30,428:INFO:Uploading results into container
2025-11-24 22:25:30,428:INFO:Uploading model into container now
2025-11-24 22:25:30,430:INFO:_master_model_container: 7
2025-11-24 22:25:30,430:INFO:_display_container: 2
2025-11-24 22:25:30,431:INFO:OrthogonalMatchingPursuit()
2025-11-24 22:25:30,431:INFO:create_model() successfully completed......................................
2025-11-24 22:25:30,640:INFO:SubProcess create_model() end ==================================
2025-11-24 22:25:30,640:INFO:Creating metrics dataframe
2025-11-24 22:25:30,650:INFO:Initializing Bayesian Ridge
2025-11-24 22:25:30,650:INFO:Total runtime is 0.4822793046633402 minutes
2025-11-24 22:25:30,654:INFO:SubProcess create_model() called ==================================
2025-11-24 22:25:30,654:INFO:Initializing create_model()
2025-11-24 22:25:30,654:INFO:create_model(self=<pycaret.regression.oop.RegressionExperiment object at 0x0000022C4855AB60>, estimator=br, fold=KFold(n_splits=10, random_state=None, shuffle=False), round=4, cross_validation=True, predict=True, fit_kwargs={}, groups=None, refit=False, probability_threshold=None, experiment_custom_tags=None, verbose=False, system=False, add_to_model_list=True, metrics=None, display=<pycaret.internal.display.display.CommonDisplay object at 0x0000022C59853910>, model_only=True, return_train_score=False, error_score=0.0, kwargs={})
2025-11-24 22:25:30,654:INFO:Checking exceptions
2025-11-24 22:25:30,654:INFO:Importing libraries
2025-11-24 22:25:30,654:INFO:Copying training dataset
2025-11-24 22:25:30,665:INFO:Defining folds
2025-11-24 22:25:30,666:INFO:Declaring metric variables
2025-11-24 22:25:30,670:INFO:Importing untrained model
2025-11-24 22:25:30,672:INFO:Bayesian Ridge Imported successfully
2025-11-24 22:25:30,678:INFO:Starting cross validation
2025-11-24 22:25:30,680:INFO:Cross validating with KFold(n_splits=10, random_state=None, shuffle=False), n_jobs=-1
2025-11-24 22:25:31,390:INFO:Calculating mean and std
2025-11-24 22:25:31,391:INFO:Creating metrics dataframe
2025-11-24 22:25:31,393:INFO:Uploading results into container
2025-11-24 22:25:31,394:INFO:Uploading model into container now
2025-11-24 22:25:31,394:INFO:_master_model_container: 8
2025-11-24 22:25:31,394:INFO:_display_container: 2
2025-11-24 22:25:31,395:INFO:BayesianRidge()
2025-11-24 22:25:31,395:INFO:create_model() successfully completed......................................
2025-11-24 22:25:31,591:INFO:SubProcess create_model() end ==================================
2025-11-24 22:25:31,591:INFO:Creating metrics dataframe
2025-11-24 22:25:31,613:INFO:Initializing Passive Aggressive Regressor
2025-11-24 22:25:31,614:INFO:Total runtime is 0.4983482400576273 minutes
2025-11-24 22:25:31,618:INFO:SubProcess create_model() called ==================================
2025-11-24 22:25:31,618:INFO:Initializing create_model()
2025-11-24 22:25:31,618:INFO:create_model(self=<pycaret.regression.oop.RegressionExperiment object at 0x0000022C4855AB60>, estimator=par, fold=KFold(n_splits=10, random_state=None, shuffle=False), round=4, cross_validation=True, predict=True, fit_kwargs={}, groups=None, refit=False, probability_threshold=None, experiment_custom_tags=None, verbose=False, system=False, add_to_model_list=True, metrics=None, display=<pycaret.internal.display.display.CommonDisplay object at 0x0000022C59853910>, model_only=True, return_train_score=False, error_score=0.0, kwargs={})
2025-11-24 22:25:31,620:INFO:Checking exceptions
2025-11-24 22:25:31,620:INFO:Importing libraries
2025-11-24 22:25:31,620:INFO:Copying training dataset
2025-11-24 22:25:31,637:INFO:Defining folds
2025-11-24 22:25:31,637:INFO:Declaring metric variables
2025-11-24 22:25:31,641:INFO:Importing untrained model
2025-11-24 22:25:31,644:INFO:Passive Aggressive Regressor Imported successfully
2025-11-24 22:25:31,651:INFO:Starting cross validation
2025-11-24 22:25:31,653:INFO:Cross validating with KFold(n_splits=10, random_state=None, shuffle=False), n_jobs=-1
2025-11-24 22:25:32,682:INFO:Calculating mean and std
2025-11-24 22:25:32,684:INFO:Creating metrics dataframe
2025-11-24 22:25:32,687:INFO:Uploading results into container
2025-11-24 22:25:32,687:INFO:Uploading model into container now
2025-11-24 22:25:32,688:INFO:_master_model_container: 9
2025-11-24 22:25:32,688:INFO:_display_container: 2
2025-11-24 22:25:32,688:INFO:PassiveAggressiveRegressor(random_state=42)
2025-11-24 22:25:32,688:INFO:create_model() successfully completed......................................
2025-11-24 22:25:32,894:INFO:SubProcess create_model() end ==================================
2025-11-24 22:25:32,894:INFO:Creating metrics dataframe
2025-11-24 22:25:32,902:INFO:Initializing Huber Regressor
2025-11-24 22:25:32,902:INFO:Total runtime is 0.5198059360186258 minutes
2025-11-24 22:25:32,906:INFO:SubProcess create_model() called ==================================
2025-11-24 22:25:32,906:INFO:Initializing create_model()
2025-11-24 22:25:32,906:INFO:create_model(self=<pycaret.regression.oop.RegressionExperiment object at 0x0000022C4855AB60>, estimator=huber, fold=KFold(n_splits=10, random_state=None, shuffle=False), round=4, cross_validation=True, predict=True, fit_kwargs={}, groups=None, refit=False, probability_threshold=None, experiment_custom_tags=None, verbose=False, system=False, add_to_model_list=True, metrics=None, display=<pycaret.internal.display.display.CommonDisplay object at 0x0000022C59853910>, model_only=True, return_train_score=False, error_score=0.0, kwargs={})
2025-11-24 22:25:32,906:INFO:Checking exceptions
2025-11-24 22:25:32,906:INFO:Importing libraries
2025-11-24 22:25:32,906:INFO:Copying training dataset
2025-11-24 22:25:32,917:INFO:Defining folds
2025-11-24 22:25:32,918:INFO:Declaring metric variables
2025-11-24 22:25:32,921:INFO:Importing untrained model
2025-11-24 22:25:32,924:INFO:Huber Regressor Imported successfully
2025-11-24 22:25:32,929:INFO:Starting cross validation
2025-11-24 22:25:32,930:INFO:Cross validating with KFold(n_splits=10, random_state=None, shuffle=False), n_jobs=-1
2025-11-24 22:25:34,041:INFO:Calculating mean and std
2025-11-24 22:25:34,043:INFO:Creating metrics dataframe
2025-11-24 22:25:34,045:INFO:Uploading results into container
2025-11-24 22:25:34,046:INFO:Uploading model into container now
2025-11-24 22:25:34,047:INFO:_master_model_container: 10
2025-11-24 22:25:34,047:INFO:_display_container: 2
2025-11-24 22:25:34,048:INFO:HuberRegressor()
2025-11-24 22:25:34,048:INFO:create_model() successfully completed......................................
2025-11-24 22:25:34,259:INFO:SubProcess create_model() end ==================================
2025-11-24 22:25:34,259:INFO:Creating metrics dataframe
2025-11-24 22:25:34,266:INFO:Initializing K Neighbors Regressor
2025-11-24 22:25:34,266:INFO:Total runtime is 0.5425540367762247 minutes
2025-11-24 22:25:34,268:INFO:SubProcess create_model() called ==================================
2025-11-24 22:25:34,268:INFO:Initializing create_model()
2025-11-24 22:25:34,269:INFO:create_model(self=<pycaret.regression.oop.RegressionExperiment object at 0x0000022C4855AB60>, estimator=knn, fold=KFold(n_splits=10, random_state=None, shuffle=False), round=4, cross_validation=True, predict=True, fit_kwargs={}, groups=None, refit=False, probability_threshold=None, experiment_custom_tags=None, verbose=False, system=False, add_to_model_list=True, metrics=None, display=<pycaret.internal.display.display.CommonDisplay object at 0x0000022C59853910>, model_only=True, return_train_score=False, error_score=0.0, kwargs={})
2025-11-24 22:25:34,269:INFO:Checking exceptions
2025-11-24 22:25:34,269:INFO:Importing libraries
2025-11-24 22:25:34,269:INFO:Copying training dataset
2025-11-24 22:25:34,295:INFO:Defining folds
2025-11-24 22:25:34,295:INFO:Declaring metric variables
2025-11-24 22:25:34,298:INFO:Importing untrained model
2025-11-24 22:25:34,300:INFO:K Neighbors Regressor Imported successfully
2025-11-24 22:25:34,303:INFO:Starting cross validation
2025-11-24 22:25:34,305:INFO:Cross validating with KFold(n_splits=10, random_state=None, shuffle=False), n_jobs=-1
2025-11-24 22:25:35,710:INFO:Calculating mean and std
2025-11-24 22:25:35,711:INFO:Creating metrics dataframe
2025-11-24 22:25:35,714:INFO:Uploading results into container
2025-11-24 22:25:35,714:INFO:Uploading model into container now
2025-11-24 22:25:35,715:INFO:_master_model_container: 11
2025-11-24 22:25:35,715:INFO:_display_container: 2
2025-11-24 22:25:35,716:INFO:KNeighborsRegressor(n_jobs=-1)
2025-11-24 22:25:35,716:INFO:create_model() successfully completed......................................
2025-11-24 22:25:35,918:INFO:SubProcess create_model() end ==================================
2025-11-24 22:25:35,918:INFO:Creating metrics dataframe
2025-11-24 22:25:35,974:INFO:Initializing Decision Tree Regressor
2025-11-24 22:25:35,975:INFO:Total runtime is 0.5710255742073058 minutes
2025-11-24 22:25:35,978:INFO:SubProcess create_model() called ==================================
2025-11-24 22:25:35,979:INFO:Initializing create_model()
2025-11-24 22:25:35,979:INFO:create_model(self=<pycaret.regression.oop.RegressionExperiment object at 0x0000022C4855AB60>, estimator=dt, fold=KFold(n_splits=10, random_state=None, shuffle=False), round=4, cross_validation=True, predict=True, fit_kwargs={}, groups=None, refit=False, probability_threshold=None, experiment_custom_tags=None, verbose=False, system=False, add_to_model_list=True, metrics=None, display=<pycaret.internal.display.display.CommonDisplay object at 0x0000022C59853910>, model_only=True, return_train_score=False, error_score=0.0, kwargs={})
2025-11-24 22:25:35,979:INFO:Checking exceptions
2025-11-24 22:25:35,979:INFO:Importing libraries
2025-11-24 22:25:35,979:INFO:Copying training dataset
2025-11-24 22:25:35,991:INFO:Defining folds
2025-11-24 22:25:35,992:INFO:Declaring metric variables
2025-11-24 22:25:35,995:INFO:Importing untrained model
2025-11-24 22:25:35,998:INFO:Decision Tree Regressor Imported successfully
2025-11-24 22:25:36,005:INFO:Starting cross validation
2025-11-24 22:25:36,007:INFO:Cross validating with KFold(n_splits=10, random_state=None, shuffle=False), n_jobs=-1
2025-11-24 22:25:36,936:INFO:Calculating mean and std
2025-11-24 22:25:36,938:INFO:Creating metrics dataframe
2025-11-24 22:25:36,941:INFO:Uploading results into container
2025-11-24 22:25:36,941:INFO:Uploading model into container now
2025-11-24 22:25:36,942:INFO:_master_model_container: 12
2025-11-24 22:25:36,942:INFO:_display_container: 2
2025-11-24 22:25:36,942:INFO:DecisionTreeRegressor(random_state=42)
2025-11-24 22:25:36,943:INFO:create_model() successfully completed......................................
2025-11-24 22:25:37,127:INFO:SubProcess create_model() end ==================================
2025-11-24 22:25:37,128:INFO:Creating metrics dataframe
2025-11-24 22:25:37,155:INFO:Initializing Random Forest Regressor
2025-11-24 22:25:37,155:INFO:Total runtime is 0.5906912644704182 minutes
2025-11-24 22:25:37,158:INFO:SubProcess create_model() called ==================================
2025-11-24 22:25:37,159:INFO:Initializing create_model()
2025-11-24 22:25:37,159:INFO:create_model(self=<pycaret.regression.oop.RegressionExperiment object at 0x0000022C4855AB60>, estimator=rf, fold=KFold(n_splits=10, random_state=None, shuffle=False), round=4, cross_validation=True, predict=True, fit_kwargs={}, groups=None, refit=False, probability_threshold=None, experiment_custom_tags=None, verbose=False, system=False, add_to_model_list=True, metrics=None, display=<pycaret.internal.display.display.CommonDisplay object at 0x0000022C59853910>, model_only=True, return_train_score=False, error_score=0.0, kwargs={})
2025-11-24 22:25:37,182:INFO:Checking exceptions
2025-11-24 22:25:37,183:INFO:Importing libraries
2025-11-24 22:25:37,183:INFO:Copying training dataset
2025-11-24 22:25:37,194:INFO:Defining folds
2025-11-24 22:25:37,194:INFO:Declaring metric variables
2025-11-24 22:25:37,197:INFO:Importing untrained model
2025-11-24 22:25:37,201:INFO:Random Forest Regressor Imported successfully
2025-11-24 22:25:37,207:INFO:Starting cross validation
2025-11-24 22:25:37,208:INFO:Cross validating with KFold(n_splits=10, random_state=None, shuffle=False), n_jobs=-1
2025-11-24 22:26:39,679:WARNING:c:\Users\iljas\AppData\Local\Programs\Python\Python310\lib\site-packages\sklearn\model_selection\_validation.py:547: FitFailedWarning: 
7 fits failed out of a total of 10.
The score on these train-test partitions for these parameters will be set to 0.0.
If these failures are not expected, you can try to debug them by setting error_score='raise'.

Below are more details about the failures:
--------------------------------------------------------------------------------
5 fits failed with the following error:
joblib.externals.loky.process_executor._RemoteTraceback: 
"""
Traceback (most recent call last):
  File "c:\Users\iljas\AppData\Local\Programs\Python\Python310\lib\site-packages\joblib\_parallel_backends.py", line 273, in _wrap_func_call
    return func()
  File "c:\Users\iljas\AppData\Local\Programs\Python\Python310\lib\site-packages\joblib\parallel.py", line 589, in __call__
    return [func(*args, **kwargs)
  File "c:\Users\iljas\AppData\Local\Programs\Python\Python310\lib\site-packages\joblib\parallel.py", line 589, in <listcomp>
    return [func(*args, **kwargs)
  File "c:\Users\iljas\AppData\Local\Programs\Python\Python310\lib\site-packages\sklearn\utils\parallel.py", line 129, in __call__
    return self.function(*args, **kwargs)
  File "c:\Users\iljas\AppData\Local\Programs\Python\Python310\lib\site-packages\sklearn\ensemble\_forest.py", line 192, in _parallel_build_trees
    tree._fit(
  File "c:\Users\iljas\AppData\Local\Programs\Python\Python310\lib\site-packages\sklearn\tree\_classes.py", line 472, in _fit
    builder.build(self.tree_, X, y, sample_weight, missing_values_in_feature_mask)
  File "sklearn\\tree\\_tree.pyx", line 166, in sklearn.tree._tree.DepthFirstTreeBuilder.build
  File "sklearn\\tree\\_tree.pyx", line 285, in sklearn.tree._tree.DepthFirstTreeBuilder.build
  File "sklearn\\tree\\_tree.pyx", line 940, in sklearn.tree._tree.Tree._add_node
  File "sklearn\\tree\\_tree.pyx", line 908, in sklearn.tree._tree.Tree._resize_c
  File "sklearn\\tree\\_utils.pyx", line 35, in sklearn.tree._utils.safe_realloc
MemoryError: could not allocate 2097152 bytes
"""

The above exception was the direct cause of the following exception:

Traceback (most recent call last):
  File "c:\Users\iljas\AppData\Local\Programs\Python\Python310\lib\site-packages\sklearn\model_selection\_validation.py", line 895, in _fit_and_score
    estimator.fit(X_train, y_train, **fit_params)
  File "c:\Users\iljas\AppData\Local\Programs\Python\Python310\lib\site-packages\pycaret\internal\pipeline.py", line 278, in fit
    fitted_estimator = self._memory_fit(
  File "c:\Users\iljas\AppData\Local\Programs\Python\Python310\lib\site-packages\joblib\memory.py", line 353, in __call__
    return self.func(*args, **kwargs)
  File "c:\Users\iljas\AppData\Local\Programs\Python\Python310\lib\site-packages\pycaret\internal\pipeline.py", line 69, in _fit_one
    transformer.fit(*args)
  File "c:\Users\iljas\AppData\Local\Programs\Python\Python310\lib\site-packages\sklearn\base.py", line 1474, in wrapper
    return fit_method(estimator, *args, **kwargs)
  File "c:\Users\iljas\AppData\Local\Programs\Python\Python310\lib\site-packages\sklearn\ensemble\_forest.py", line 489, in fit
    trees = Parallel(
  File "c:\Users\iljas\AppData\Local\Programs\Python\Python310\lib\site-packages\sklearn\utils\parallel.py", line 67, in __call__
    return super().__call__(iterable_with_config)
  File "c:\Users\iljas\AppData\Local\Programs\Python\Python310\lib\site-packages\joblib\parallel.py", line 1952, in __call__
    return output if self.return_generator else list(output)
  File "c:\Users\iljas\AppData\Local\Programs\Python\Python310\lib\site-packages\joblib\parallel.py", line 1595, in _get_outputs
    yield from self._retrieve()
  File "c:\Users\iljas\AppData\Local\Programs\Python\Python310\lib\site-packages\joblib\parallel.py", line 1699, in _retrieve
    self._raise_error_fast()
  File "c:\Users\iljas\AppData\Local\Programs\Python\Python310\lib\site-packages\joblib\parallel.py", line 1734, in _raise_error_fast
    error_job.get_result(self.timeout)
  File "c:\Users\iljas\AppData\Local\Programs\Python\Python310\lib\site-packages\joblib\parallel.py", line 736, in get_result
    return self._return_or_raise()
  File "c:\Users\iljas\AppData\Local\Programs\Python\Python310\lib\site-packages\joblib\parallel.py", line 754, in _return_or_raise
    raise self._result
MemoryError: could not allocate 2097152 bytes

--------------------------------------------------------------------------------
1 fits failed with the following error:
joblib.externals.loky.process_executor._RemoteTraceback: 
"""
Traceback (most recent call last):
  File "c:\Users\iljas\AppData\Local\Programs\Python\Python310\lib\site-packages\joblib\_parallel_backends.py", line 273, in _wrap_func_call
    return func()
  File "c:\Users\iljas\AppData\Local\Programs\Python\Python310\lib\site-packages\joblib\parallel.py", line 589, in __call__
    return [func(*args, **kwargs)
  File "c:\Users\iljas\AppData\Local\Programs\Python\Python310\lib\site-packages\joblib\parallel.py", line 589, in <listcomp>
    return [func(*args, **kwargs)
  File "c:\Users\iljas\AppData\Local\Programs\Python\Python310\lib\site-packages\sklearn\utils\parallel.py", line 129, in __call__
    return self.function(*args, **kwargs)
  File "c:\Users\iljas\AppData\Local\Programs\Python\Python310\lib\site-packages\sklearn\ensemble\_forest.py", line 175, in _parallel_build_trees
    curr_sample_weight = np.ones((n_samples,), dtype=np.float64)
  File "c:\Users\iljas\AppData\Local\Programs\Python\Python310\lib\site-packages\numpy\core\numeric.py", line 191, in ones
    a = empty(shape, dtype, order)
numpy.core._exceptions._ArrayMemoryError: Unable to allocate 246. KiB for an array with shape (31500,) and data type float64
"""

The above exception was the direct cause of the following exception:

Traceback (most recent call last):
  File "c:\Users\iljas\AppData\Local\Programs\Python\Python310\lib\site-packages\sklearn\model_selection\_validation.py", line 895, in _fit_and_score
    estimator.fit(X_train, y_train, **fit_params)
  File "c:\Users\iljas\AppData\Local\Programs\Python\Python310\lib\site-packages\pycaret\internal\pipeline.py", line 278, in fit
    fitted_estimator = self._memory_fit(
  File "c:\Users\iljas\AppData\Local\Programs\Python\Python310\lib\site-packages\joblib\memory.py", line 353, in __call__
    return self.func(*args, **kwargs)
  File "c:\Users\iljas\AppData\Local\Programs\Python\Python310\lib\site-packages\pycaret\internal\pipeline.py", line 69, in _fit_one
    transformer.fit(*args)
  File "c:\Users\iljas\AppData\Local\Programs\Python\Python310\lib\site-packages\sklearn\base.py", line 1474, in wrapper
    return fit_method(estimator, *args, **kwargs)
  File "c:\Users\iljas\AppData\Local\Programs\Python\Python310\lib\site-packages\sklearn\ensemble\_forest.py", line 489, in fit
    trees = Parallel(
  File "c:\Users\iljas\AppData\Local\Programs\Python\Python310\lib\site-packages\sklearn\utils\parallel.py", line 67, in __call__
    return super().__call__(iterable_with_config)
  File "c:\Users\iljas\AppData\Local\Programs\Python\Python310\lib\site-packages\joblib\parallel.py", line 1952, in __call__
    return output if self.return_generator else list(output)
  File "c:\Users\iljas\AppData\Local\Programs\Python\Python310\lib\site-packages\joblib\parallel.py", line 1595, in _get_outputs
    yield from self._retrieve()
  File "c:\Users\iljas\AppData\Local\Programs\Python\Python310\lib\site-packages\joblib\parallel.py", line 1699, in _retrieve
    self._raise_error_fast()
  File "c:\Users\iljas\AppData\Local\Programs\Python\Python310\lib\site-packages\joblib\parallel.py", line 1734, in _raise_error_fast
    error_job.get_result(self.timeout)
  File "c:\Users\iljas\AppData\Local\Programs\Python\Python310\lib\site-packages\joblib\parallel.py", line 736, in get_result
    return self._return_or_raise()
  File "c:\Users\iljas\AppData\Local\Programs\Python\Python310\lib\site-packages\joblib\parallel.py", line 754, in _return_or_raise
    raise self._result
numpy.core._exceptions._ArrayMemoryError: Unable to allocate 246. KiB for an array with shape (31500,) and data type float64

--------------------------------------------------------------------------------
1 fits failed with the following error:
joblib.externals.loky.process_executor._RemoteTraceback: 
"""
Traceback (most recent call last):
  File "c:\Users\iljas\AppData\Local\Programs\Python\Python310\lib\site-packages\joblib\_parallel_backends.py", line 273, in _wrap_func_call
    return func()
  File "c:\Users\iljas\AppData\Local\Programs\Python\Python310\lib\site-packages\joblib\parallel.py", line 589, in __call__
    return [func(*args, **kwargs)
  File "c:\Users\iljas\AppData\Local\Programs\Python\Python310\lib\site-packages\joblib\parallel.py", line 589, in <listcomp>
    return [func(*args, **kwargs)
  File "c:\Users\iljas\AppData\Local\Programs\Python\Python310\lib\site-packages\sklearn\utils\parallel.py", line 129, in __call__
    return self.function(*args, **kwargs)
  File "c:\Users\iljas\AppData\Local\Programs\Python\Python310\lib\site-packages\sklearn\ensemble\_forest.py", line 192, in _parallel_build_trees
    tree._fit(
  File "c:\Users\iljas\AppData\Local\Programs\Python\Python310\lib\site-packages\sklearn\tree\_classes.py", line 472, in _fit
    builder.build(self.tree_, X, y, sample_weight, missing_values_in_feature_mask)
  File "sklearn\\tree\\_tree.pyx", line 166, in sklearn.tree._tree.DepthFirstTreeBuilder.build
  File "sklearn\\tree\\_tree.pyx", line 285, in sklearn.tree._tree.DepthFirstTreeBuilder.build
  File "sklearn\\tree\\_tree.pyx", line 940, in sklearn.tree._tree.Tree._add_node
  File "sklearn\\tree\\_tree.pyx", line 908, in sklearn.tree._tree.Tree._resize_c
  File "sklearn\\tree\\_utils.pyx", line 35, in sklearn.tree._utils.safe_realloc
MemoryError: could not allocate 4194304 bytes
"""

The above exception was the direct cause of the following exception:

Traceback (most recent call last):
  File "c:\Users\iljas\AppData\Local\Programs\Python\Python310\lib\site-packages\sklearn\model_selection\_validation.py", line 895, in _fit_and_score
    estimator.fit(X_train, y_train, **fit_params)
  File "c:\Users\iljas\AppData\Local\Programs\Python\Python310\lib\site-packages\pycaret\internal\pipeline.py", line 278, in fit
    fitted_estimator = self._memory_fit(
  File "c:\Users\iljas\AppData\Local\Programs\Python\Python310\lib\site-packages\joblib\memory.py", line 353, in __call__
    return self.func(*args, **kwargs)
  File "c:\Users\iljas\AppData\Local\Programs\Python\Python310\lib\site-packages\pycaret\internal\pipeline.py", line 69, in _fit_one
    transformer.fit(*args)
  File "c:\Users\iljas\AppData\Local\Programs\Python\Python310\lib\site-packages\sklearn\base.py", line 1474, in wrapper
    return fit_method(estimator, *args, **kwargs)
  File "c:\Users\iljas\AppData\Local\Programs\Python\Python310\lib\site-packages\sklearn\ensemble\_forest.py", line 489, in fit
    trees = Parallel(
  File "c:\Users\iljas\AppData\Local\Programs\Python\Python310\lib\site-packages\sklearn\utils\parallel.py", line 67, in __call__
    return super().__call__(iterable_with_config)
  File "c:\Users\iljas\AppData\Local\Programs\Python\Python310\lib\site-packages\joblib\parallel.py", line 1952, in __call__
    return output if self.return_generator else list(output)
  File "c:\Users\iljas\AppData\Local\Programs\Python\Python310\lib\site-packages\joblib\parallel.py", line 1595, in _get_outputs
    yield from self._retrieve()
  File "c:\Users\iljas\AppData\Local\Programs\Python\Python310\lib\site-packages\joblib\parallel.py", line 1699, in _retrieve
    self._raise_error_fast()
  File "c:\Users\iljas\AppData\Local\Programs\Python\Python310\lib\site-packages\joblib\parallel.py", line 1734, in _raise_error_fast
    error_job.get_result(self.timeout)
  File "c:\Users\iljas\AppData\Local\Programs\Python\Python310\lib\site-packages\joblib\parallel.py", line 736, in get_result
    return self._return_or_raise()
  File "c:\Users\iljas\AppData\Local\Programs\Python\Python310\lib\site-packages\joblib\parallel.py", line 754, in _return_or_raise
    raise self._result
MemoryError: could not allocate 4194304 bytes


2025-11-24 22:26:39,710:INFO:Calculating mean and std
2025-11-24 22:26:39,915:INFO:Creating metrics dataframe
2025-11-24 22:26:39,961:INFO:Uploading results into container
2025-11-24 22:26:39,995:INFO:Uploading model into container now
2025-11-24 22:26:39,999:INFO:_master_model_container: 13
2025-11-24 22:26:39,999:INFO:_display_container: 2
2025-11-24 22:26:40,033:INFO:RandomForestRegressor(n_jobs=-1, random_state=42)
2025-11-24 22:26:40,035:INFO:create_model() successfully completed......................................
2025-11-24 22:26:41,731:INFO:SubProcess create_model() end ==================================
2025-11-24 22:26:41,732:INFO:Creating metrics dataframe
2025-11-24 22:26:41,918:INFO:Initializing Extra Trees Regressor
2025-11-24 22:26:41,918:INFO:Total runtime is 1.670075289408366 minutes
2025-11-24 22:26:41,950:INFO:SubProcess create_model() called ==================================
2025-11-24 22:26:41,952:INFO:Initializing create_model()
2025-11-24 22:26:41,952:INFO:create_model(self=<pycaret.regression.oop.RegressionExperiment object at 0x0000022C4855AB60>, estimator=et, fold=KFold(n_splits=10, random_state=None, shuffle=False), round=4, cross_validation=True, predict=True, fit_kwargs={}, groups=None, refit=False, probability_threshold=None, experiment_custom_tags=None, verbose=False, system=False, add_to_model_list=True, metrics=None, display=<pycaret.internal.display.display.CommonDisplay object at 0x0000022C59853910>, model_only=True, return_train_score=False, error_score=0.0, kwargs={})
2025-11-24 22:26:41,952:INFO:Checking exceptions
2025-11-24 22:26:41,953:INFO:Importing libraries
2025-11-24 22:26:41,995:INFO:Copying training dataset
2025-11-24 22:26:42,149:INFO:Defining folds
2025-11-24 22:26:42,149:INFO:Declaring metric variables
2025-11-24 22:26:42,153:INFO:Importing untrained model
2025-11-24 22:26:42,174:INFO:Extra Trees Regressor Imported successfully
2025-11-24 22:26:42,181:INFO:Starting cross validation
2025-11-24 22:26:42,182:INFO:Cross validating with KFold(n_splits=10, random_state=None, shuffle=False), n_jobs=-1
2025-11-24 22:27:59,457:INFO:Calculating mean and std
2025-11-24 22:27:59,737:INFO:Creating metrics dataframe
2025-11-24 22:27:59,788:INFO:Uploading results into container
2025-11-24 22:27:59,788:INFO:Uploading model into container now
2025-11-24 22:27:59,802:INFO:_master_model_container: 14
2025-11-24 22:27:59,802:INFO:_display_container: 2
2025-11-24 22:27:59,805:INFO:ExtraTreesRegressor(n_jobs=-1, random_state=42)
2025-11-24 22:27:59,805:INFO:create_model() successfully completed......................................
2025-11-24 22:28:02,799:INFO:SubProcess create_model() end ==================================
2025-11-24 22:28:02,799:INFO:Creating metrics dataframe
2025-11-24 22:28:03,005:INFO:Initializing AdaBoost Regressor
2025-11-24 22:28:03,005:INFO:Total runtime is 3.0215355992317203 minutes
2025-11-24 22:28:03,091:INFO:SubProcess create_model() called ==================================
2025-11-24 22:28:03,091:INFO:Initializing create_model()
2025-11-24 22:28:03,092:INFO:create_model(self=<pycaret.regression.oop.RegressionExperiment object at 0x0000022C4855AB60>, estimator=ada, fold=KFold(n_splits=10, random_state=None, shuffle=False), round=4, cross_validation=True, predict=True, fit_kwargs={}, groups=None, refit=False, probability_threshold=None, experiment_custom_tags=None, verbose=False, system=False, add_to_model_list=True, metrics=None, display=<pycaret.internal.display.display.CommonDisplay object at 0x0000022C59853910>, model_only=True, return_train_score=False, error_score=0.0, kwargs={})
2025-11-24 22:28:03,092:INFO:Checking exceptions
2025-11-24 22:28:03,092:INFO:Importing libraries
2025-11-24 22:28:03,137:INFO:Copying training dataset
2025-11-24 22:28:03,172:INFO:Defining folds
2025-11-24 22:28:03,172:INFO:Declaring metric variables
2025-11-24 22:28:03,175:INFO:Importing untrained model
2025-11-24 22:28:03,178:INFO:AdaBoost Regressor Imported successfully
2025-11-24 22:28:03,184:INFO:Starting cross validation
2025-11-24 22:28:03,186:INFO:Cross validating with KFold(n_splits=10, random_state=None, shuffle=False), n_jobs=-1
2025-11-24 22:28:06,963:INFO:Calculating mean and std
2025-11-24 22:28:06,964:INFO:Creating metrics dataframe
2025-11-24 22:28:06,966:INFO:Uploading results into container
2025-11-24 22:28:06,966:INFO:Uploading model into container now
2025-11-24 22:28:06,967:INFO:_master_model_container: 15
2025-11-24 22:28:06,967:INFO:_display_container: 2
2025-11-24 22:28:06,967:INFO:AdaBoostRegressor(random_state=42)
2025-11-24 22:28:06,968:INFO:create_model() successfully completed......................................
2025-11-24 22:28:07,166:INFO:SubProcess create_model() end ==================================
2025-11-24 22:28:07,166:INFO:Creating metrics dataframe
2025-11-24 22:28:07,205:INFO:Initializing Gradient Boosting Regressor
2025-11-24 22:28:07,205:INFO:Total runtime is 3.091534209251404 minutes
2025-11-24 22:28:07,224:INFO:SubProcess create_model() called ==================================
2025-11-24 22:28:07,224:INFO:Initializing create_model()
2025-11-24 22:28:07,224:INFO:create_model(self=<pycaret.regression.oop.RegressionExperiment object at 0x0000022C4855AB60>, estimator=gbr, fold=KFold(n_splits=10, random_state=None, shuffle=False), round=4, cross_validation=True, predict=True, fit_kwargs={}, groups=None, refit=False, probability_threshold=None, experiment_custom_tags=None, verbose=False, system=False, add_to_model_list=True, metrics=None, display=<pycaret.internal.display.display.CommonDisplay object at 0x0000022C59853910>, model_only=True, return_train_score=False, error_score=0.0, kwargs={})
2025-11-24 22:28:07,224:INFO:Checking exceptions
2025-11-24 22:28:07,225:INFO:Importing libraries
2025-11-24 22:28:07,225:INFO:Copying training dataset
2025-11-24 22:28:07,234:INFO:Defining folds
2025-11-24 22:28:07,234:INFO:Declaring metric variables
2025-11-24 22:28:07,238:INFO:Importing untrained model
2025-11-24 22:28:07,241:INFO:Gradient Boosting Regressor Imported successfully
2025-11-24 22:28:07,245:INFO:Starting cross validation
2025-11-24 22:28:07,247:INFO:Cross validating with KFold(n_splits=10, random_state=None, shuffle=False), n_jobs=-1
2025-11-24 22:28:12,070:INFO:Calculating mean and std
2025-11-24 22:28:12,092:INFO:Creating metrics dataframe
2025-11-24 22:28:12,094:INFO:Uploading results into container
2025-11-24 22:28:12,095:INFO:Uploading model into container now
2025-11-24 22:28:12,096:INFO:_master_model_container: 16
2025-11-24 22:28:12,096:INFO:_display_container: 2
2025-11-24 22:28:12,117:INFO:GradientBoostingRegressor(random_state=42)
2025-11-24 22:28:12,117:INFO:create_model() successfully completed......................................
2025-11-24 22:28:12,316:INFO:SubProcess create_model() end ==================================
2025-11-24 22:28:12,316:INFO:Creating metrics dataframe
2025-11-24 22:28:12,364:INFO:Initializing Extreme Gradient Boosting
2025-11-24 22:28:12,364:INFO:Total runtime is 3.177517668406169 minutes
2025-11-24 22:28:12,367:INFO:SubProcess create_model() called ==================================
2025-11-24 22:28:12,367:INFO:Initializing create_model()
2025-11-24 22:28:12,367:INFO:create_model(self=<pycaret.regression.oop.RegressionExperiment object at 0x0000022C4855AB60>, estimator=xgboost, fold=KFold(n_splits=10, random_state=None, shuffle=False), round=4, cross_validation=True, predict=True, fit_kwargs={}, groups=None, refit=False, probability_threshold=None, experiment_custom_tags=None, verbose=False, system=False, add_to_model_list=True, metrics=None, display=<pycaret.internal.display.display.CommonDisplay object at 0x0000022C59853910>, model_only=True, return_train_score=False, error_score=0.0, kwargs={})
2025-11-24 22:28:12,367:INFO:Checking exceptions
2025-11-24 22:28:12,368:INFO:Importing libraries
2025-11-24 22:28:12,368:INFO:Copying training dataset
2025-11-24 22:28:12,379:INFO:Defining folds
2025-11-24 22:28:12,379:INFO:Declaring metric variables
2025-11-24 22:28:12,382:INFO:Importing untrained model
2025-11-24 22:28:12,394:INFO:Extreme Gradient Boosting Imported successfully
2025-11-24 22:28:12,399:INFO:Starting cross validation
2025-11-24 22:28:12,400:INFO:Cross validating with KFold(n_splits=10, random_state=None, shuffle=False), n_jobs=-1
2025-11-24 22:28:29,073:INFO:Calculating mean and std
2025-11-24 22:28:29,592:INFO:Creating metrics dataframe
2025-11-24 22:28:29,680:INFO:Uploading results into container
2025-11-24 22:28:29,681:INFO:Uploading model into container now
2025-11-24 22:28:29,685:INFO:_master_model_container: 17
2025-11-24 22:28:29,686:INFO:_display_container: 2
2025-11-24 22:28:29,740:INFO:XGBRegressor(base_score=None, booster='gbtree', callbacks=None,
             colsample_bylevel=None, colsample_bynode=None,
             colsample_bytree=None, device='cpu', early_stopping_rounds=None,
             enable_categorical=False, eval_metric=None, feature_types=None,
             feature_weights=None, gamma=None, grow_policy=None,
             importance_type=None, interaction_constraints=None,
             learning_rate=None, max_bin=None, max_cat_threshold=None,
             max_cat_to_onehot=None, max_delta_step=None, max_depth=None,
             max_leaves=None, min_child_weight=None, missing=nan,
             monotone_constraints=None, multi_strategy=None, n_estimators=None,
             n_jobs=-1, num_parallel_tree=None, ...)
2025-11-24 22:28:29,741:INFO:create_model() successfully completed......................................
2025-11-24 22:28:31,139:INFO:SubProcess create_model() end ==================================
2025-11-24 22:28:31,139:INFO:Creating metrics dataframe
2025-11-24 22:28:31,176:INFO:Initializing Light Gradient Boosting Machine
2025-11-24 22:28:31,176:INFO:Total runtime is 3.491048618157705 minutes
2025-11-24 22:28:31,184:INFO:SubProcess create_model() called ==================================
2025-11-24 22:28:31,185:INFO:Initializing create_model()
2025-11-24 22:28:31,185:INFO:create_model(self=<pycaret.regression.oop.RegressionExperiment object at 0x0000022C4855AB60>, estimator=lightgbm, fold=KFold(n_splits=10, random_state=None, shuffle=False), round=4, cross_validation=True, predict=True, fit_kwargs={}, groups=None, refit=False, probability_threshold=None, experiment_custom_tags=None, verbose=False, system=False, add_to_model_list=True, metrics=None, display=<pycaret.internal.display.display.CommonDisplay object at 0x0000022C59853910>, model_only=True, return_train_score=False, error_score=0.0, kwargs={})
2025-11-24 22:28:31,185:INFO:Checking exceptions
2025-11-24 22:28:31,185:INFO:Importing libraries
2025-11-24 22:28:31,188:INFO:Copying training dataset
2025-11-24 22:28:31,209:INFO:Defining folds
2025-11-24 22:28:31,209:INFO:Declaring metric variables
2025-11-24 22:28:31,213:INFO:Importing untrained model
2025-11-24 22:28:31,217:INFO:Light Gradient Boosting Machine Imported successfully
2025-11-24 22:28:31,224:INFO:Starting cross validation
2025-11-24 22:28:31,226:INFO:Cross validating with KFold(n_splits=10, random_state=None, shuffle=False), n_jobs=-1
2025-11-24 22:28:40,793:INFO:Calculating mean and std
2025-11-24 22:28:40,795:INFO:Creating metrics dataframe
2025-11-24 22:28:40,798:INFO:Uploading results into container
2025-11-24 22:28:40,799:INFO:Uploading model into container now
2025-11-24 22:28:40,801:INFO:_master_model_container: 18
2025-11-24 22:28:40,801:INFO:_display_container: 2
2025-11-24 22:28:40,802:INFO:LGBMRegressor(n_jobs=-1, random_state=42)
2025-11-24 22:28:40,802:INFO:create_model() successfully completed......................................
2025-11-24 22:28:41,043:INFO:SubProcess create_model() end ==================================
2025-11-24 22:28:41,043:INFO:Creating metrics dataframe
2025-11-24 22:28:41,145:INFO:Initializing CatBoost Regressor
2025-11-24 22:28:41,148:INFO:Total runtime is 3.6572438120841984 minutes
2025-11-24 22:28:41,163:INFO:SubProcess create_model() called ==================================
2025-11-24 22:28:41,163:INFO:Initializing create_model()
2025-11-24 22:28:41,163:INFO:create_model(self=<pycaret.regression.oop.RegressionExperiment object at 0x0000022C4855AB60>, estimator=catboost, fold=KFold(n_splits=10, random_state=None, shuffle=False), round=4, cross_validation=True, predict=True, fit_kwargs={}, groups=None, refit=False, probability_threshold=None, experiment_custom_tags=None, verbose=False, system=False, add_to_model_list=True, metrics=None, display=<pycaret.internal.display.display.CommonDisplay object at 0x0000022C59853910>, model_only=True, return_train_score=False, error_score=0.0, kwargs={})
2025-11-24 22:28:41,163:INFO:Checking exceptions
2025-11-24 22:28:41,163:INFO:Importing libraries
2025-11-24 22:28:41,164:INFO:Copying training dataset
2025-11-24 22:28:41,184:INFO:Defining folds
2025-11-24 22:28:41,184:INFO:Declaring metric variables
2025-11-24 22:28:41,187:INFO:Importing untrained model
2025-11-24 22:28:41,632:INFO:CatBoost Regressor Imported successfully
2025-11-24 22:28:41,656:INFO:Starting cross validation
2025-11-24 22:28:41,658:INFO:Cross validating with KFold(n_splits=10, random_state=None, shuffle=False), n_jobs=-1
2025-11-24 22:29:22,387:WARNING:c:\Users\iljas\AppData\Local\Programs\Python\Python310\lib\site-packages\sklearn\model_selection\_validation.py:547: FitFailedWarning: 
4 fits failed out of a total of 10.
The score on these train-test partitions for these parameters will be set to 0.0.
If these failures are not expected, you can try to debug them by setting error_score='raise'.

Below are more details about the failures:
--------------------------------------------------------------------------------
4 fits failed with the following error:
Traceback (most recent call last):
  File "c:\Users\iljas\AppData\Local\Programs\Python\Python310\lib\site-packages\sklearn\model_selection\_validation.py", line 895, in _fit_and_score
    estimator.fit(X_train, y_train, **fit_params)
  File "c:\Users\iljas\AppData\Local\Programs\Python\Python310\lib\site-packages\pycaret\internal\pipeline.py", line 278, in fit
    fitted_estimator = self._memory_fit(
  File "c:\Users\iljas\AppData\Local\Programs\Python\Python310\lib\site-packages\joblib\memory.py", line 353, in __call__
    return self.func(*args, **kwargs)
  File "c:\Users\iljas\AppData\Local\Programs\Python\Python310\lib\site-packages\pycaret\internal\pipeline.py", line 69, in _fit_one
    transformer.fit(*args)
  File "c:\Users\iljas\AppData\Local\Programs\Python\Python310\lib\site-packages\catboost\core.py", line 5873, in fit
    return self._fit(X, y, cat_features, text_features, embedding_features, None, graph, sample_weight, None, None, None, None, baseline,
  File "c:\Users\iljas\AppData\Local\Programs\Python\Python310\lib\site-packages\catboost\core.py", line 2410, in _fit
    self._train(
  File "c:\Users\iljas\AppData\Local\Programs\Python\Python310\lib\site-packages\catboost\core.py", line 1790, in _train
    self._object._train(train_pool, test_pool, params, allow_clear_pool, init_model._object if init_model else None)
  File "_catboost.pyx", line 5023, in _catboost._CatBoost._train
  File "_catboost.pyx", line 5072, in _catboost._CatBoost._train
_catboost.CatBoostError: catboost/libs/train_lib/dir_helper.cpp:20: Can't create train working dir: catboost_info


2025-11-24 22:29:22,389:INFO:Calculating mean and std
2025-11-24 22:29:22,391:INFO:Creating metrics dataframe
2025-11-24 22:29:22,393:INFO:Uploading results into container
2025-11-24 22:29:22,394:INFO:Uploading model into container now
2025-11-24 22:29:22,394:INFO:_master_model_container: 19
2025-11-24 22:29:22,394:INFO:_display_container: 2
2025-11-24 22:29:22,395:INFO:<catboost.core.CatBoostRegressor object at 0x0000022C5929A290>
2025-11-24 22:29:22,395:INFO:create_model() successfully completed......................................
2025-11-24 22:29:22,668:WARNING:create_model() for <catboost.core.CatBoostRegressor object at 0x0000022C5929A290> raised an exception or returned all 0.0, trying without fit_kwargs:
2025-11-24 22:29:23,043:WARNING:Traceback (most recent call last):
  File "c:\Users\iljas\AppData\Local\Programs\Python\Python310\lib\site-packages\pycaret\internal\pycaret_experiment\supervised_experiment.py", line 796, in compare_models
    assert (
AssertionError

2025-11-24 22:29:23,044:INFO:Initializing create_model()
2025-11-24 22:29:23,044:INFO:create_model(self=<pycaret.regression.oop.RegressionExperiment object at 0x0000022C4855AB60>, estimator=catboost, fold=KFold(n_splits=10, random_state=None, shuffle=False), round=4, cross_validation=True, predict=True, fit_kwargs={}, groups=None, refit=False, probability_threshold=None, experiment_custom_tags=None, verbose=False, system=False, add_to_model_list=True, metrics=None, display=<pycaret.internal.display.display.CommonDisplay object at 0x0000022C59853910>, model_only=True, return_train_score=False, error_score=0.0, kwargs={})
2025-11-24 22:29:23,044:INFO:Checking exceptions
2025-11-24 22:29:23,044:INFO:Importing libraries
2025-11-24 22:29:23,044:INFO:Copying training dataset
2025-11-24 22:29:23,057:INFO:Defining folds
2025-11-24 22:29:23,057:INFO:Declaring metric variables
2025-11-24 22:29:23,061:INFO:Importing untrained model
2025-11-24 22:29:23,063:INFO:CatBoost Regressor Imported successfully
2025-11-24 22:29:23,068:INFO:Starting cross validation
2025-11-24 22:29:23,070:INFO:Cross validating with KFold(n_splits=10, random_state=None, shuffle=False), n_jobs=-1
2025-11-24 22:29:58,869:INFO:Calculating mean and std
2025-11-24 22:29:58,871:INFO:Creating metrics dataframe
2025-11-24 22:29:58,874:INFO:Uploading results into container
2025-11-24 22:29:58,875:INFO:Uploading model into container now
2025-11-24 22:29:58,875:INFO:_master_model_container: 20
2025-11-24 22:29:58,876:INFO:_display_container: 2
2025-11-24 22:29:58,876:INFO:<catboost.core.CatBoostRegressor object at 0x0000022C59850820>
2025-11-24 22:29:58,876:INFO:create_model() successfully completed......................................
2025-11-24 22:29:59,112:INFO:SubProcess create_model() end ==================================
2025-11-24 22:29:59,112:INFO:Creating metrics dataframe
2025-11-24 22:29:59,232:INFO:Initializing Dummy Regressor
2025-11-24 22:29:59,233:INFO:Total runtime is 4.958656481901805 minutes
2025-11-24 22:29:59,236:INFO:SubProcess create_model() called ==================================
2025-11-24 22:29:59,237:INFO:Initializing create_model()
2025-11-24 22:29:59,237:INFO:create_model(self=<pycaret.regression.oop.RegressionExperiment object at 0x0000022C4855AB60>, estimator=dummy, fold=KFold(n_splits=10, random_state=None, shuffle=False), round=4, cross_validation=True, predict=True, fit_kwargs={}, groups=None, refit=False, probability_threshold=None, experiment_custom_tags=None, verbose=False, system=False, add_to_model_list=True, metrics=None, display=<pycaret.internal.display.display.CommonDisplay object at 0x0000022C59853910>, model_only=True, return_train_score=False, error_score=0.0, kwargs={})
2025-11-24 22:29:59,237:INFO:Checking exceptions
2025-11-24 22:29:59,237:INFO:Importing libraries
2025-11-24 22:29:59,237:INFO:Copying training dataset
2025-11-24 22:29:59,258:INFO:Defining folds
2025-11-24 22:29:59,259:INFO:Declaring metric variables
2025-11-24 22:29:59,263:INFO:Importing untrained model
2025-11-24 22:29:59,266:INFO:Dummy Regressor Imported successfully
2025-11-24 22:29:59,271:INFO:Starting cross validation
2025-11-24 22:29:59,273:INFO:Cross validating with KFold(n_splits=10, random_state=None, shuffle=False), n_jobs=-1
2025-11-24 22:30:00,241:INFO:Calculating mean and std
2025-11-24 22:30:00,284:INFO:Creating metrics dataframe
2025-11-24 22:30:00,285:INFO:Uploading results into container
2025-11-24 22:30:00,286:INFO:Uploading model into container now
2025-11-24 22:30:00,286:INFO:_master_model_container: 21
2025-11-24 22:30:00,286:INFO:_display_container: 2
2025-11-24 22:30:00,287:INFO:DummyRegressor()
2025-11-24 22:30:00,287:INFO:create_model() successfully completed......................................
2025-11-24 22:30:00,487:INFO:SubProcess create_model() end ==================================
2025-11-24 22:30:00,488:INFO:Creating metrics dataframe
2025-11-24 22:30:00,532:WARNING:c:\Users\iljas\AppData\Local\Programs\Python\Python310\lib\site-packages\pycaret\internal\pycaret_experiment\supervised_experiment.py:323: FutureWarning: Styler.applymap has been deprecated. Use Styler.map instead.

2025-11-24 22:30:00,588:INFO:Initializing create_model()
2025-11-24 22:30:00,589:INFO:create_model(self=<pycaret.regression.oop.RegressionExperiment object at 0x0000022C4855AB60>, estimator=LGBMRegressor(n_jobs=-1, random_state=42), fold=KFold(n_splits=10, random_state=None, shuffle=False), round=4, cross_validation=False, predict=False, fit_kwargs={}, groups=None, refit=True, probability_threshold=None, experiment_custom_tags=None, verbose=False, system=False, add_to_model_list=True, metrics=None, display=None, model_only=True, return_train_score=False, error_score=0.0, kwargs={})
2025-11-24 22:30:00,589:INFO:Checking exceptions
2025-11-24 22:30:00,710:INFO:Importing libraries
2025-11-24 22:30:00,710:INFO:Copying training dataset
2025-11-24 22:30:00,719:INFO:Defining folds
2025-11-24 22:30:00,719:INFO:Declaring metric variables
2025-11-24 22:30:00,719:INFO:Importing untrained model
2025-11-24 22:30:00,719:INFO:Declaring custom model
2025-11-24 22:30:00,721:INFO:Light Gradient Boosting Machine Imported successfully
2025-11-24 22:30:00,721:INFO:Cross validation set to False
2025-11-24 22:30:00,721:INFO:Fitting Model
2025-11-24 22:30:03,288:INFO:[LightGBM] [Info] Auto-choosing row-wise multi-threading, the overhead of testing was 0.003419 seconds.
2025-11-24 22:30:03,289:INFO:You can set `force_row_wise=true` to remove the overhead.
2025-11-24 22:30:03,289:INFO:And if memory is not enough, you can set `force_col_wise=true`.
2025-11-24 22:30:03,289:INFO:[LightGBM] [Info] Total Bins 685
2025-11-24 22:30:03,291:INFO:[LightGBM] [Info] Number of data points in the train set: 35000, number of used features: 11
2025-11-24 22:30:03,293:INFO:[LightGBM] [Info] Start training from score 174308.949429
2025-11-24 22:30:03,510:INFO:LGBMRegressor(n_jobs=-1, random_state=42)
2025-11-24 22:30:03,510:INFO:create_model() successfully completed......................................
2025-11-24 22:30:03,752:INFO:_master_model_container: 21
2025-11-24 22:30:03,752:INFO:_display_container: 2
2025-11-24 22:30:03,753:INFO:LGBMRegressor(n_jobs=-1, random_state=42)
2025-11-24 22:30:03,753:INFO:compare_models() successfully completed......................................
2025-11-24 22:35:23,286:WARNING:
'cuml' is a soft dependency and not included in the pycaret installation. Please run: `pip install cuml` to install.
2025-11-24 22:35:23,287:WARNING:
'cuml' is a soft dependency and not included in the pycaret installation. Please run: `pip install cuml` to install.
2025-11-24 22:35:23,287:WARNING:
'cuml' is a soft dependency and not included in the pycaret installation. Please run: `pip install cuml` to install.
2025-11-24 22:35:23,287:WARNING:
'cuml' is a soft dependency and not included in the pycaret installation. Please run: `pip install cuml` to install.
2025-11-24 22:36:57,652:INFO:PyCaret RegressionExperiment
2025-11-24 22:36:57,653:INFO:Logging name: reg-default-name
2025-11-24 22:36:57,653:INFO:ML Usecase: MLUsecase.REGRESSION
2025-11-24 22:36:57,653:INFO:version 3.3.2
2025-11-24 22:36:57,653:INFO:Initializing setup()
2025-11-24 22:36:57,653:INFO:self.USI: 86bd
2025-11-24 22:36:57,654:INFO:self._variable_keys: {'memory', '_ml_usecase', 'X_train', 'n_jobs_param', 'gpu_n_jobs_param', 'pipeline', 'y_train', 'X', 'exp_name_log', 'fold_generator', 'log_plots_param', 'target_param', 'USI', 'y_test', '_available_plots', 'logging_param', 'exp_id', 'fold_groups_param', 'X_test', 'transform_target_param', 'y', 'seed', 'gpu_param', 'idx', 'data', 'fold_shuffle_param', 'html_param'}
2025-11-24 22:36:57,654:INFO:Checking environment
2025-11-24 22:36:57,654:INFO:python_version: 3.10.6
2025-11-24 22:36:57,654:INFO:python_build: ('tags/v3.10.6:9c7b4bd', 'Aug  1 2022 21:53:49')
2025-11-24 22:36:57,654:INFO:machine: AMD64
2025-11-24 22:36:57,654:INFO:platform: Windows-10-10.0.28000-SP0
2025-11-24 22:36:57,656:INFO:Memory: svmem(total=16866885632, available=2369732608, percent=86.0, used=14497153024, free=2369732608)
2025-11-24 22:36:57,656:INFO:Physical Core: 8
2025-11-24 22:36:57,656:INFO:Logical Core: 16
2025-11-24 22:36:57,656:INFO:Checking libraries
2025-11-24 22:36:57,656:INFO:System:
2025-11-24 22:36:57,656:INFO:    python: 3.10.6 (tags/v3.10.6:9c7b4bd, Aug  1 2022, 21:53:49) [MSC v.1932 64 bit (AMD64)]
2025-11-24 22:36:57,657:INFO:executable: c:\Users\iljas\AppData\Local\Programs\Python\Python310\python.exe
2025-11-24 22:36:57,657:INFO:   machine: Windows-10-10.0.28000-SP0
2025-11-24 22:36:57,657:INFO:PyCaret required dependencies:
2025-11-24 22:36:59,607:INFO:                 pip: 22.2.1
2025-11-24 22:36:59,607:INFO:          setuptools: 80.9.0
2025-11-24 22:36:59,607:INFO:             pycaret: 3.3.2
2025-11-24 22:36:59,608:INFO:             IPython: 8.29.0
2025-11-24 22:36:59,608:INFO:          ipywidgets: 8.1.8
2025-11-24 22:36:59,608:INFO:                tqdm: 4.67.1
2025-11-24 22:36:59,608:INFO:               numpy: 1.26.4
2025-11-24 22:36:59,608:INFO:              pandas: 2.1.4
2025-11-24 22:36:59,608:INFO:              jinja2: 3.1.6
2025-11-24 22:36:59,608:INFO:               scipy: 1.11.4
2025-11-24 22:36:59,608:INFO:              joblib: 1.3.2
2025-11-24 22:36:59,608:INFO:             sklearn: 1.4.2
2025-11-24 22:36:59,608:INFO:                pyod: 2.0.5
2025-11-24 22:36:59,608:INFO:            imblearn: 0.14.0
2025-11-24 22:36:59,608:INFO:   category_encoders: 2.7.0
2025-11-24 22:36:59,608:INFO:            lightgbm: 4.6.0
2025-11-24 22:36:59,608:INFO:               numba: 0.62.1
2025-11-24 22:36:59,608:INFO:            requests: 2.32.5
2025-11-24 22:36:59,608:INFO:          matplotlib: 3.7.2
2025-11-24 22:36:59,608:INFO:          scikitplot: 0.3.7
2025-11-24 22:36:59,608:INFO:         yellowbrick: 1.5
2025-11-24 22:36:59,608:INFO:              plotly: 5.24.1
2025-11-24 22:36:59,608:INFO:    plotly-resampler: Not installed
2025-11-24 22:36:59,608:INFO:             kaleido: 1.2.0
2025-11-24 22:36:59,608:INFO:           schemdraw: 0.15
2025-11-24 22:36:59,608:INFO:         statsmodels: 0.14.5
2025-11-24 22:36:59,608:INFO:              sktime: 0.26.0
2025-11-24 22:36:59,609:INFO:               tbats: 1.1.3
2025-11-24 22:36:59,609:INFO:            pmdarima: 2.0.4
2025-11-24 22:36:59,609:INFO:              psutil: 5.9.5
2025-11-24 22:36:59,609:INFO:          markupsafe: 2.1.3
2025-11-24 22:36:59,609:INFO:             pickle5: Not installed
2025-11-24 22:36:59,609:INFO:         cloudpickle: 3.1.2
2025-11-24 22:36:59,609:INFO:         deprecation: 2.1.0
2025-11-24 22:36:59,609:INFO:              xxhash: 3.6.0
2025-11-24 22:36:59,609:INFO:           wurlitzer: Not installed
2025-11-24 22:36:59,609:INFO:PyCaret optional dependencies:
2025-11-24 22:37:09,826:INFO:                shap: 0.44.1
2025-11-24 22:37:09,826:INFO:           interpret: 0.7.3
2025-11-24 22:37:09,826:INFO:                umap: 0.5.7
2025-11-24 22:37:09,826:INFO:     ydata_profiling: 4.18.0
2025-11-24 22:37:09,826:INFO:  explainerdashboard: 0.5.1
2025-11-24 22:37:09,826:INFO:             autoviz: Not installed
2025-11-24 22:37:09,826:INFO:           fairlearn: 0.7.0
2025-11-24 22:37:09,826:INFO:          deepchecks: Not installed
2025-11-24 22:37:09,826:INFO:             xgboost: 3.1.2
2025-11-24 22:37:09,826:INFO:            catboost: 1.2.8
2025-11-24 22:37:09,826:INFO:              kmodes: 0.12.2
2025-11-24 22:37:09,826:INFO:             mlxtend: 0.23.4
2025-11-24 22:37:09,826:INFO:       statsforecast: 1.5.0
2025-11-24 22:37:09,826:INFO:        tune_sklearn: Not installed
2025-11-24 22:37:09,826:INFO:                 ray: Not installed
2025-11-24 22:37:09,826:INFO:            hyperopt: 0.2.7
2025-11-24 22:37:09,826:INFO:              optuna: 4.6.0
2025-11-24 22:37:09,826:INFO:               skopt: 0.10.2
2025-11-24 22:37:09,826:INFO:              mlflow: 3.6.0
2025-11-24 22:37:09,826:INFO:              gradio: 6.0.0
2025-11-24 22:37:09,826:INFO:             fastapi: 0.122.0
2025-11-24 22:37:09,827:INFO:             uvicorn: 0.22.0
2025-11-24 22:37:09,827:INFO:              m2cgen: 0.10.0
2025-11-24 22:37:09,827:INFO:           evidently: 0.4.40
2025-11-24 22:37:09,827:INFO:               fugue: 0.8.7
2025-11-24 22:37:09,827:INFO:           streamlit: Not installed
2025-11-24 22:37:09,827:INFO:             prophet: Not installed
2025-11-24 22:37:09,827:INFO:None
2025-11-24 22:37:09,827:INFO:Set up data.
2025-11-24 22:37:09,896:INFO:Set up folding strategy.
2025-11-24 22:37:09,897:INFO:Set up train/test split.
2025-11-24 22:37:09,906:INFO:Set up index.
2025-11-24 22:37:09,908:INFO:Assigning column types.
2025-11-24 22:37:09,913:INFO:Engine successfully changes for model 'lr' to 'sklearn'.
2025-11-24 22:37:09,913:INFO:Engine for model 'lasso' has not been set explicitly, hence returning None.
2025-11-24 22:37:09,918:INFO:Engine for model 'ridge' has not been set explicitly, hence returning None.
2025-11-24 22:37:09,923:INFO:Engine for model 'en' has not been set explicitly, hence returning None.
2025-11-24 22:37:09,994:INFO:Engine for model 'svm' has not been set explicitly, hence returning None.
2025-11-24 22:37:10,040:INFO:Engine for model 'knn' has not been set explicitly, hence returning None.
2025-11-24 22:37:10,040:INFO:Soft dependency imported: xgboost: 3.1.2
2025-11-24 22:37:10,043:INFO:Soft dependency imported: catboost: 1.2.8
2025-11-24 22:37:10,213:INFO:Engine for model 'lasso' has not been set explicitly, hence returning None.
2025-11-24 22:37:10,216:INFO:Engine for model 'ridge' has not been set explicitly, hence returning None.
2025-11-24 22:37:10,219:INFO:Engine for model 'en' has not been set explicitly, hence returning None.
2025-11-24 22:37:10,274:INFO:Engine for model 'svm' has not been set explicitly, hence returning None.
2025-11-24 22:37:10,315:INFO:Engine for model 'knn' has not been set explicitly, hence returning None.
2025-11-24 22:37:10,316:INFO:Soft dependency imported: xgboost: 3.1.2
2025-11-24 22:37:10,318:INFO:Soft dependency imported: catboost: 1.2.8
2025-11-24 22:37:10,319:INFO:Engine successfully changes for model 'lasso' to 'sklearn'.
2025-11-24 22:37:10,324:INFO:Engine for model 'ridge' has not been set explicitly, hence returning None.
2025-11-24 22:37:10,329:INFO:Engine for model 'en' has not been set explicitly, hence returning None.
2025-11-24 22:37:10,390:INFO:Engine for model 'svm' has not been set explicitly, hence returning None.
2025-11-24 22:37:10,437:INFO:Engine for model 'knn' has not been set explicitly, hence returning None.
2025-11-24 22:37:10,437:INFO:Soft dependency imported: xgboost: 3.1.2
2025-11-24 22:37:10,440:INFO:Soft dependency imported: catboost: 1.2.8
2025-11-24 22:37:10,445:INFO:Engine for model 'ridge' has not been set explicitly, hence returning None.
2025-11-24 22:37:10,451:INFO:Engine for model 'en' has not been set explicitly, hence returning None.
2025-11-24 22:37:10,509:INFO:Engine for model 'svm' has not been set explicitly, hence returning None.
2025-11-24 22:37:10,549:INFO:Engine for model 'knn' has not been set explicitly, hence returning None.
2025-11-24 22:37:10,550:INFO:Soft dependency imported: xgboost: 3.1.2
2025-11-24 22:37:10,553:INFO:Soft dependency imported: catboost: 1.2.8
2025-11-24 22:37:10,553:INFO:Engine successfully changes for model 'ridge' to 'sklearn'.
2025-11-24 22:37:10,562:INFO:Engine for model 'en' has not been set explicitly, hence returning None.
2025-11-24 22:37:10,618:INFO:Engine for model 'svm' has not been set explicitly, hence returning None.
2025-11-24 22:37:10,658:INFO:Engine for model 'knn' has not been set explicitly, hence returning None.
2025-11-24 22:37:10,658:INFO:Soft dependency imported: xgboost: 3.1.2
2025-11-24 22:37:10,660:INFO:Soft dependency imported: catboost: 1.2.8
2025-11-24 22:37:10,670:INFO:Engine for model 'en' has not been set explicitly, hence returning None.
2025-11-24 22:37:10,725:INFO:Engine for model 'svm' has not been set explicitly, hence returning None.
2025-11-24 22:37:10,765:INFO:Engine for model 'knn' has not been set explicitly, hence returning None.
2025-11-24 22:37:10,766:INFO:Soft dependency imported: xgboost: 3.1.2
2025-11-24 22:37:10,768:INFO:Soft dependency imported: catboost: 1.2.8
2025-11-24 22:37:10,769:INFO:Engine successfully changes for model 'en' to 'sklearn'.
2025-11-24 22:37:10,833:INFO:Engine for model 'svm' has not been set explicitly, hence returning None.
2025-11-24 22:37:10,873:INFO:Engine for model 'knn' has not been set explicitly, hence returning None.
2025-11-24 22:37:10,874:INFO:Soft dependency imported: xgboost: 3.1.2
2025-11-24 22:37:10,876:INFO:Soft dependency imported: catboost: 1.2.8
2025-11-24 22:37:10,944:INFO:Engine for model 'svm' has not been set explicitly, hence returning None.
2025-11-24 22:37:10,984:INFO:Engine for model 'knn' has not been set explicitly, hence returning None.
2025-11-24 22:37:10,985:INFO:Soft dependency imported: xgboost: 3.1.2
2025-11-24 22:37:10,987:INFO:Soft dependency imported: catboost: 1.2.8
2025-11-24 22:37:10,988:INFO:Engine successfully changes for model 'knn' to 'sklearn'.
2025-11-24 22:37:11,056:INFO:Engine for model 'svm' has not been set explicitly, hence returning None.
2025-11-24 22:37:11,099:INFO:Soft dependency imported: xgboost: 3.1.2
2025-11-24 22:37:11,102:INFO:Soft dependency imported: catboost: 1.2.8
2025-11-24 22:37:11,173:INFO:Engine for model 'svm' has not been set explicitly, hence returning None.
2025-11-24 22:37:11,215:INFO:Soft dependency imported: xgboost: 3.1.2
2025-11-24 22:37:11,218:INFO:Soft dependency imported: catboost: 1.2.8
2025-11-24 22:37:11,219:INFO:Engine successfully changes for model 'svm' to 'sklearn'.
2025-11-24 22:37:11,327:INFO:Soft dependency imported: xgboost: 3.1.2
2025-11-24 22:37:11,330:INFO:Soft dependency imported: catboost: 1.2.8
2025-11-24 22:37:11,435:INFO:Soft dependency imported: xgboost: 3.1.2
2025-11-24 22:37:11,438:INFO:Soft dependency imported: catboost: 1.2.8
2025-11-24 22:37:11,441:INFO:Preparing preprocessing pipeline...
2025-11-24 22:37:11,441:INFO:Set up simple imputation.
2025-11-24 22:37:11,451:INFO:Set up encoding of ordinal features.
2025-11-24 22:37:11,455:INFO:Set up encoding of categorical features.
2025-11-24 22:37:11,455:INFO:Set up feature normalization.
2025-11-24 22:37:12,327:INFO:Finished creating preprocessing pipeline.
2025-11-24 22:37:12,354:INFO:Pipeline: Pipeline(memory=FastMemory(location=C:\Users\iljas\AppData\Local\Temp\joblib),
         steps=[('numerical_imputer',
                 TransformerWrapper(include=['year', 'month'],
                                    transformer=SimpleImputer())),
                ('categorical_imputer',
                 TransformerWrapper(include=['property_type', 'old_or_new',
                                             'duration', 'town_or_city',
                                             'district', 'county'],
                                    transformer=SimpleImputer(strategy='most_fr...
                 TransformerWrapper(include=['property_type'],
                                    transformer=OneHotEncoder(cols=['property_type'],
                                                              handle_missing='return_nan',
                                                              use_cat_names=True))),
                ('rest_encoding',
                 TransformerWrapper(include=['town_or_city', 'district',
                                             'county'],
                                    transformer=TargetEncoder(cols=['town_or_city',
                                                                    'district',
                                                                    'county'],
                                                              handle_missing='return_nan'))),
                ('normalize',
                 TransformerWrapper(transformer=StandardScaler()))])
2025-11-24 22:37:12,354:INFO:Creating final display dataframe.
2025-11-24 22:37:12,679:INFO:Setup _display_container:                     Description             Value
0                    Session id                42
1                        Target             price
2                   Target type        Regression
3           Original data shape        (50000, 9)
4        Transformed data shape       (50000, 12)
5   Transformed train set shape       (35000, 12)
6    Transformed test set shape       (15000, 12)
7              Numeric features                 2
8          Categorical features                 6
9                    Preprocess              True
10              Imputation type            simple
11           Numeric imputation              mean
12       Categorical imputation              mode
13     Maximum one-hot encoding                25
14              Encoding method              None
15                    Normalize              True
16             Normalize method            zscore
17               Fold Generator             KFold
18                  Fold Number                10
19                     CPU Jobs                -1
20                      Use GPU             False
21               Log Experiment             False
22              Experiment Name  reg-default-name
23                          USI              86bd
2025-11-24 22:37:12,847:INFO:Soft dependency imported: xgboost: 3.1.2
2025-11-24 22:37:12,849:INFO:Soft dependency imported: catboost: 1.2.8
2025-11-24 22:37:12,962:INFO:Soft dependency imported: xgboost: 3.1.2
2025-11-24 22:37:12,964:INFO:Soft dependency imported: catboost: 1.2.8
2025-11-24 22:37:12,965:INFO:setup() successfully completed in 15.33s...............
2025-11-24 22:37:12,965:INFO:Initializing compare_models()
2025-11-24 22:37:12,965:INFO:compare_models(self=<pycaret.regression.oop.RegressionExperiment object at 0x0000026B3BCA1270>, include=None, fold=None, round=4, cross_validation=True, sort=R2, n_select=1, budget_time=None, turbo=True, errors=ignore, fit_kwargs=None, groups=None, experiment_custom_tags=None, probability_threshold=None, verbose=True, parallel=None, caller_params={'self': <pycaret.regression.oop.RegressionExperiment object at 0x0000026B3BCA1270>, 'include': None, 'exclude': None, 'fold': None, 'round': 4, 'cross_validation': True, 'sort': 'R2', 'n_select': 1, 'budget_time': None, 'turbo': True, 'errors': 'ignore', 'fit_kwargs': None, 'groups': None, 'experiment_custom_tags': None, 'engine': None, 'verbose': True, 'parallel': None, '__class__': <class 'pycaret.regression.oop.RegressionExperiment'>}, exclude=None)
2025-11-24 22:37:12,965:INFO:Checking exceptions
2025-11-24 22:37:12,970:INFO:Preparing display monitor
2025-11-24 22:37:13,047:INFO:Initializing Linear Regression
2025-11-24 22:37:13,047:INFO:Total runtime is 1.66932741800944e-05 minutes
2025-11-24 22:37:13,050:INFO:SubProcess create_model() called ==================================
2025-11-24 22:37:13,050:INFO:Initializing create_model()
2025-11-24 22:37:13,050:INFO:create_model(self=<pycaret.regression.oop.RegressionExperiment object at 0x0000026B3BCA1270>, estimator=lr, fold=KFold(n_splits=10, random_state=None, shuffle=False), round=4, cross_validation=True, predict=True, fit_kwargs={}, groups=None, refit=False, probability_threshold=None, experiment_custom_tags=None, verbose=False, system=False, add_to_model_list=True, metrics=None, display=<pycaret.internal.display.display.CommonDisplay object at 0x0000026B16624040>, model_only=True, return_train_score=False, error_score=0.0, kwargs={})
2025-11-24 22:37:13,050:INFO:Checking exceptions
2025-11-24 22:37:13,050:INFO:Importing libraries
2025-11-24 22:37:13,050:INFO:Copying training dataset
2025-11-24 22:37:13,061:INFO:Defining folds
2025-11-24 22:37:13,062:INFO:Declaring metric variables
2025-11-24 22:37:13,065:INFO:Importing untrained model
2025-11-24 22:37:13,068:INFO:Linear Regression Imported successfully
2025-11-24 22:37:13,075:INFO:Starting cross validation
2025-11-24 22:37:13,086:INFO:Cross validating with KFold(n_splits=10, random_state=None, shuffle=False), n_jobs=-1
2025-11-24 22:37:33,629:INFO:Calculating mean and std
2025-11-24 22:37:33,653:INFO:Creating metrics dataframe
2025-11-24 22:37:33,665:INFO:Uploading results into container
2025-11-24 22:37:33,667:INFO:Uploading model into container now
2025-11-24 22:37:33,668:INFO:_master_model_container: 1
2025-11-24 22:37:33,669:INFO:_display_container: 2
2025-11-24 22:37:33,670:INFO:LinearRegression(n_jobs=-1)
2025-11-24 22:37:33,670:INFO:create_model() successfully completed......................................
2025-11-24 22:37:34,169:INFO:SubProcess create_model() end ==================================
2025-11-24 22:37:34,169:INFO:Creating metrics dataframe
2025-11-24 22:37:34,187:INFO:Initializing Lasso Regression
2025-11-24 22:37:34,187:INFO:Total runtime is 0.3523438493410746 minutes
2025-11-24 22:37:34,192:INFO:SubProcess create_model() called ==================================
2025-11-24 22:37:34,192:INFO:Initializing create_model()
2025-11-24 22:37:34,193:INFO:create_model(self=<pycaret.regression.oop.RegressionExperiment object at 0x0000026B3BCA1270>, estimator=lasso, fold=KFold(n_splits=10, random_state=None, shuffle=False), round=4, cross_validation=True, predict=True, fit_kwargs={}, groups=None, refit=False, probability_threshold=None, experiment_custom_tags=None, verbose=False, system=False, add_to_model_list=True, metrics=None, display=<pycaret.internal.display.display.CommonDisplay object at 0x0000026B16624040>, model_only=True, return_train_score=False, error_score=0.0, kwargs={})
2025-11-24 22:37:34,193:INFO:Checking exceptions
2025-11-24 22:37:34,193:INFO:Importing libraries
2025-11-24 22:37:34,193:INFO:Copying training dataset
2025-11-24 22:37:34,210:INFO:Defining folds
2025-11-24 22:37:34,210:INFO:Declaring metric variables
2025-11-24 22:37:34,215:INFO:Importing untrained model
2025-11-24 22:37:34,220:INFO:Lasso Regression Imported successfully
2025-11-24 22:37:34,230:INFO:Starting cross validation
2025-11-24 22:37:34,233:INFO:Cross validating with KFold(n_splits=10, random_state=None, shuffle=False), n_jobs=-1
2025-11-24 22:37:35,365:WARNING:c:\Users\iljas\AppData\Local\Programs\Python\Python310\lib\site-packages\sklearn\linear_model\_coordinate_descent.py:678: ConvergenceWarning: Objective did not converge. You might want to increase the number of iterations, check the scale of the features or consider increasing regularisation. Duality gap: 4.266e+13, tolerance: 1.740e+11
  model = cd_fast.enet_coordinate_descent(

2025-11-24 22:37:35,397:WARNING:c:\Users\iljas\AppData\Local\Programs\Python\Python310\lib\site-packages\sklearn\linear_model\_coordinate_descent.py:678: ConvergenceWarning: Objective did not converge. You might want to increase the number of iterations, check the scale of the features or consider increasing regularisation. Duality gap: 4.290e+13, tolerance: 1.764e+11
  model = cd_fast.enet_coordinate_descent(

2025-11-24 22:37:35,398:WARNING:c:\Users\iljas\AppData\Local\Programs\Python\Python310\lib\site-packages\sklearn\linear_model\_coordinate_descent.py:678: ConvergenceWarning: Objective did not converge. You might want to increase the number of iterations, check the scale of the features or consider increasing regularisation. Duality gap: 4.326e+13, tolerance: 1.774e+11
  model = cd_fast.enet_coordinate_descent(

2025-11-24 22:37:35,430:WARNING:c:\Users\iljas\AppData\Local\Programs\Python\Python310\lib\site-packages\sklearn\linear_model\_coordinate_descent.py:678: ConvergenceWarning: Objective did not converge. You might want to increase the number of iterations, check the scale of the features or consider increasing regularisation. Duality gap: 4.186e+13, tolerance: 1.741e+11
  model = cd_fast.enet_coordinate_descent(

2025-11-24 22:37:45,128:WARNING:c:\Users\iljas\AppData\Local\Programs\Python\Python310\lib\site-packages\sklearn\linear_model\_coordinate_descent.py:678: ConvergenceWarning: Objective did not converge. You might want to increase the number of iterations, check the scale of the features or consider increasing regularisation. Duality gap: 4.053e+13, tolerance: 1.687e+11
  model = cd_fast.enet_coordinate_descent(

2025-11-24 22:37:45,136:WARNING:c:\Users\iljas\AppData\Local\Programs\Python\Python310\lib\site-packages\sklearn\linear_model\_coordinate_descent.py:678: ConvergenceWarning: Objective did not converge. You might want to increase the number of iterations, check the scale of the features or consider increasing regularisation. Duality gap: 4.003e+13, tolerance: 1.670e+11
  model = cd_fast.enet_coordinate_descent(

2025-11-24 22:37:45,186:WARNING:c:\Users\iljas\AppData\Local\Programs\Python\Python310\lib\site-packages\sklearn\linear_model\_coordinate_descent.py:678: ConvergenceWarning: Objective did not converge. You might want to increase the number of iterations, check the scale of the features or consider increasing regularisation. Duality gap: 4.010e+13, tolerance: 1.658e+11
  model = cd_fast.enet_coordinate_descent(

2025-11-24 22:37:45,265:WARNING:c:\Users\iljas\AppData\Local\Programs\Python\Python310\lib\site-packages\sklearn\linear_model\_coordinate_descent.py:678: ConvergenceWarning: Objective did not converge. You might want to increase the number of iterations, check the scale of the features or consider increasing regularisation. Duality gap: 4.227e+13, tolerance: 1.741e+11
  model = cd_fast.enet_coordinate_descent(

2025-11-24 22:37:45,573:WARNING:c:\Users\iljas\AppData\Local\Programs\Python\Python310\lib\site-packages\sklearn\linear_model\_coordinate_descent.py:678: ConvergenceWarning: Objective did not converge. You might want to increase the number of iterations, check the scale of the features or consider increasing regularisation. Duality gap: 3.977e+13, tolerance: 1.656e+11
  model = cd_fast.enet_coordinate_descent(

2025-11-24 22:37:45,624:INFO:Calculating mean and std
2025-11-24 22:37:45,626:INFO:Creating metrics dataframe
2025-11-24 22:37:45,629:INFO:Uploading results into container
2025-11-24 22:37:45,629:INFO:Uploading model into container now
2025-11-24 22:37:45,630:INFO:_master_model_container: 2
2025-11-24 22:37:45,630:INFO:_display_container: 2
2025-11-24 22:37:45,631:INFO:Lasso(random_state=42)
2025-11-24 22:37:45,631:INFO:create_model() successfully completed......................................
2025-11-24 22:37:45,889:INFO:SubProcess create_model() end ==================================
2025-11-24 22:37:45,889:INFO:Creating metrics dataframe
2025-11-24 22:37:45,903:INFO:Initializing Ridge Regression
2025-11-24 22:37:45,903:INFO:Total runtime is 0.5476098736127217 minutes
2025-11-24 22:37:45,906:INFO:SubProcess create_model() called ==================================
2025-11-24 22:37:45,906:INFO:Initializing create_model()
2025-11-24 22:37:45,906:INFO:create_model(self=<pycaret.regression.oop.RegressionExperiment object at 0x0000026B3BCA1270>, estimator=ridge, fold=KFold(n_splits=10, random_state=None, shuffle=False), round=4, cross_validation=True, predict=True, fit_kwargs={}, groups=None, refit=False, probability_threshold=None, experiment_custom_tags=None, verbose=False, system=False, add_to_model_list=True, metrics=None, display=<pycaret.internal.display.display.CommonDisplay object at 0x0000026B16624040>, model_only=True, return_train_score=False, error_score=0.0, kwargs={})
2025-11-24 22:37:45,906:INFO:Checking exceptions
2025-11-24 22:37:45,906:INFO:Importing libraries
2025-11-24 22:37:45,906:INFO:Copying training dataset
2025-11-24 22:37:45,916:INFO:Defining folds
2025-11-24 22:37:45,917:INFO:Declaring metric variables
2025-11-24 22:37:45,919:INFO:Importing untrained model
2025-11-24 22:37:45,923:INFO:Ridge Regression Imported successfully
2025-11-24 22:37:45,927:INFO:Starting cross validation
2025-11-24 22:37:45,929:INFO:Cross validating with KFold(n_splits=10, random_state=None, shuffle=False), n_jobs=-1
2025-11-24 22:37:46,727:INFO:Calculating mean and std
2025-11-24 22:37:46,729:INFO:Creating metrics dataframe
2025-11-24 22:37:46,731:INFO:Uploading results into container
2025-11-24 22:37:46,733:INFO:Uploading model into container now
2025-11-24 22:37:46,733:INFO:_master_model_container: 3
2025-11-24 22:37:46,733:INFO:_display_container: 2
2025-11-24 22:37:46,734:INFO:Ridge(random_state=42)
2025-11-24 22:37:46,734:INFO:create_model() successfully completed......................................
2025-11-24 22:37:46,978:INFO:SubProcess create_model() end ==================================
2025-11-24 22:37:46,978:INFO:Creating metrics dataframe
2025-11-24 22:37:46,985:INFO:Initializing Elastic Net
2025-11-24 22:37:46,985:INFO:Total runtime is 0.5656529585520426 minutes
2025-11-24 22:37:46,988:INFO:SubProcess create_model() called ==================================
2025-11-24 22:37:46,989:INFO:Initializing create_model()
2025-11-24 22:37:46,989:INFO:create_model(self=<pycaret.regression.oop.RegressionExperiment object at 0x0000026B3BCA1270>, estimator=en, fold=KFold(n_splits=10, random_state=None, shuffle=False), round=4, cross_validation=True, predict=True, fit_kwargs={}, groups=None, refit=False, probability_threshold=None, experiment_custom_tags=None, verbose=False, system=False, add_to_model_list=True, metrics=None, display=<pycaret.internal.display.display.CommonDisplay object at 0x0000026B16624040>, model_only=True, return_train_score=False, error_score=0.0, kwargs={})
2025-11-24 22:37:46,989:INFO:Checking exceptions
2025-11-24 22:37:46,989:INFO:Importing libraries
2025-11-24 22:37:46,989:INFO:Copying training dataset
2025-11-24 22:37:47,001:INFO:Defining folds
2025-11-24 22:37:47,001:INFO:Declaring metric variables
2025-11-24 22:37:47,005:INFO:Importing untrained model
2025-11-24 22:37:47,009:INFO:Elastic Net Imported successfully
2025-11-24 22:37:47,015:INFO:Starting cross validation
2025-11-24 22:37:47,017:INFO:Cross validating with KFold(n_splits=10, random_state=None, shuffle=False), n_jobs=-1
2025-11-24 22:37:47,851:INFO:Calculating mean and std
2025-11-24 22:37:47,853:INFO:Creating metrics dataframe
2025-11-24 22:37:47,856:INFO:Uploading results into container
2025-11-24 22:37:47,857:INFO:Uploading model into container now
2025-11-24 22:37:47,857:INFO:_master_model_container: 4
2025-11-24 22:37:47,858:INFO:_display_container: 2
2025-11-24 22:37:47,858:INFO:ElasticNet(random_state=42)
2025-11-24 22:37:47,858:INFO:create_model() successfully completed......................................
2025-11-24 22:37:48,130:INFO:SubProcess create_model() end ==================================
2025-11-24 22:37:48,131:INFO:Creating metrics dataframe
2025-11-24 22:37:48,141:INFO:Initializing Least Angle Regression
2025-11-24 22:37:48,141:INFO:Total runtime is 0.5849145213762919 minutes
2025-11-24 22:37:48,145:INFO:SubProcess create_model() called ==================================
2025-11-24 22:37:48,146:INFO:Initializing create_model()
2025-11-24 22:37:48,146:INFO:create_model(self=<pycaret.regression.oop.RegressionExperiment object at 0x0000026B3BCA1270>, estimator=lar, fold=KFold(n_splits=10, random_state=None, shuffle=False), round=4, cross_validation=True, predict=True, fit_kwargs={}, groups=None, refit=False, probability_threshold=None, experiment_custom_tags=None, verbose=False, system=False, add_to_model_list=True, metrics=None, display=<pycaret.internal.display.display.CommonDisplay object at 0x0000026B16624040>, model_only=True, return_train_score=False, error_score=0.0, kwargs={})
2025-11-24 22:37:48,146:INFO:Checking exceptions
2025-11-24 22:37:48,146:INFO:Importing libraries
2025-11-24 22:37:48,146:INFO:Copying training dataset
2025-11-24 22:37:48,159:INFO:Defining folds
2025-11-24 22:37:48,160:INFO:Declaring metric variables
2025-11-24 22:37:48,164:INFO:Importing untrained model
2025-11-24 22:37:48,168:INFO:Least Angle Regression Imported successfully
2025-11-24 22:37:48,175:INFO:Starting cross validation
2025-11-24 22:37:48,177:INFO:Cross validating with KFold(n_splits=10, random_state=None, shuffle=False), n_jobs=-1
2025-11-24 22:37:48,988:INFO:Calculating mean and std
2025-11-24 22:37:48,990:INFO:Creating metrics dataframe
2025-11-24 22:37:48,992:INFO:Uploading results into container
2025-11-24 22:37:48,993:INFO:Uploading model into container now
2025-11-24 22:37:48,993:INFO:_master_model_container: 5
2025-11-24 22:37:48,993:INFO:_display_container: 2
2025-11-24 22:37:48,995:INFO:Lars(random_state=42)
2025-11-24 22:37:48,995:INFO:create_model() successfully completed......................................
2025-11-24 22:37:49,223:INFO:SubProcess create_model() end ==================================
2025-11-24 22:37:49,223:INFO:Creating metrics dataframe
2025-11-24 22:37:49,230:INFO:Initializing Lasso Least Angle Regression
2025-11-24 22:37:49,231:INFO:Total runtime is 0.6030727426211039 minutes
2025-11-24 22:37:49,233:INFO:SubProcess create_model() called ==================================
2025-11-24 22:37:49,234:INFO:Initializing create_model()
2025-11-24 22:37:49,234:INFO:create_model(self=<pycaret.regression.oop.RegressionExperiment object at 0x0000026B3BCA1270>, estimator=llar, fold=KFold(n_splits=10, random_state=None, shuffle=False), round=4, cross_validation=True, predict=True, fit_kwargs={}, groups=None, refit=False, probability_threshold=None, experiment_custom_tags=None, verbose=False, system=False, add_to_model_list=True, metrics=None, display=<pycaret.internal.display.display.CommonDisplay object at 0x0000026B16624040>, model_only=True, return_train_score=False, error_score=0.0, kwargs={})
2025-11-24 22:37:49,234:INFO:Checking exceptions
2025-11-24 22:37:49,234:INFO:Importing libraries
2025-11-24 22:37:49,234:INFO:Copying training dataset
2025-11-24 22:37:49,246:INFO:Defining folds
2025-11-24 22:37:49,246:INFO:Declaring metric variables
2025-11-24 22:37:49,249:INFO:Importing untrained model
2025-11-24 22:37:49,252:INFO:Lasso Least Angle Regression Imported successfully
2025-11-24 22:37:49,257:INFO:Starting cross validation
2025-11-24 22:37:49,259:INFO:Cross validating with KFold(n_splits=10, random_state=None, shuffle=False), n_jobs=-1
2025-11-24 22:37:49,998:INFO:Calculating mean and std
2025-11-24 22:37:49,999:INFO:Creating metrics dataframe
2025-11-24 22:37:50,001:INFO:Uploading results into container
2025-11-24 22:37:50,001:INFO:Uploading model into container now
2025-11-24 22:37:50,001:INFO:_master_model_container: 6
2025-11-24 22:37:50,003:INFO:_display_container: 2
2025-11-24 22:37:50,003:INFO:LassoLars(random_state=42)
2025-11-24 22:37:50,003:INFO:create_model() successfully completed......................................
2025-11-24 22:37:50,220:INFO:SubProcess create_model() end ==================================
2025-11-24 22:37:50,220:INFO:Creating metrics dataframe
2025-11-24 22:37:50,227:INFO:Initializing Orthogonal Matching Pursuit
2025-11-24 22:37:50,227:INFO:Total runtime is 0.6196720759073893 minutes
2025-11-24 22:37:50,230:INFO:SubProcess create_model() called ==================================
2025-11-24 22:37:50,231:INFO:Initializing create_model()
2025-11-24 22:37:50,231:INFO:create_model(self=<pycaret.regression.oop.RegressionExperiment object at 0x0000026B3BCA1270>, estimator=omp, fold=KFold(n_splits=10, random_state=None, shuffle=False), round=4, cross_validation=True, predict=True, fit_kwargs={}, groups=None, refit=False, probability_threshold=None, experiment_custom_tags=None, verbose=False, system=False, add_to_model_list=True, metrics=None, display=<pycaret.internal.display.display.CommonDisplay object at 0x0000026B16624040>, model_only=True, return_train_score=False, error_score=0.0, kwargs={})
2025-11-24 22:37:50,231:INFO:Checking exceptions
2025-11-24 22:37:50,231:INFO:Importing libraries
2025-11-24 22:37:50,231:INFO:Copying training dataset
2025-11-24 22:37:50,241:INFO:Defining folds
2025-11-24 22:37:50,241:INFO:Declaring metric variables
2025-11-24 22:37:50,245:INFO:Importing untrained model
2025-11-24 22:37:50,248:INFO:Orthogonal Matching Pursuit Imported successfully
2025-11-24 22:37:50,254:INFO:Starting cross validation
2025-11-24 22:37:50,256:INFO:Cross validating with KFold(n_splits=10, random_state=None, shuffle=False), n_jobs=-1
2025-11-24 22:37:50,981:INFO:Calculating mean and std
2025-11-24 22:37:50,983:INFO:Creating metrics dataframe
2025-11-24 22:37:50,985:INFO:Uploading results into container
2025-11-24 22:37:50,986:INFO:Uploading model into container now
2025-11-24 22:37:50,986:INFO:_master_model_container: 7
2025-11-24 22:37:50,986:INFO:_display_container: 2
2025-11-24 22:37:50,987:INFO:OrthogonalMatchingPursuit()
2025-11-24 22:37:50,987:INFO:create_model() successfully completed......................................
2025-11-24 22:37:51,217:INFO:SubProcess create_model() end ==================================
2025-11-24 22:37:51,217:INFO:Creating metrics dataframe
2025-11-24 22:37:51,226:INFO:Initializing Bayesian Ridge
2025-11-24 22:37:51,226:INFO:Total runtime is 0.6363250533739725 minutes
2025-11-24 22:37:51,230:INFO:SubProcess create_model() called ==================================
2025-11-24 22:37:51,230:INFO:Initializing create_model()
2025-11-24 22:37:51,230:INFO:create_model(self=<pycaret.regression.oop.RegressionExperiment object at 0x0000026B3BCA1270>, estimator=br, fold=KFold(n_splits=10, random_state=None, shuffle=False), round=4, cross_validation=True, predict=True, fit_kwargs={}, groups=None, refit=False, probability_threshold=None, experiment_custom_tags=None, verbose=False, system=False, add_to_model_list=True, metrics=None, display=<pycaret.internal.display.display.CommonDisplay object at 0x0000026B16624040>, model_only=True, return_train_score=False, error_score=0.0, kwargs={})
2025-11-24 22:37:51,230:INFO:Checking exceptions
2025-11-24 22:37:51,230:INFO:Importing libraries
2025-11-24 22:37:51,231:INFO:Copying training dataset
2025-11-24 22:37:51,244:INFO:Defining folds
2025-11-24 22:37:51,244:INFO:Declaring metric variables
2025-11-24 22:37:51,249:INFO:Importing untrained model
2025-11-24 22:37:51,253:INFO:Bayesian Ridge Imported successfully
2025-11-24 22:37:51,259:INFO:Starting cross validation
2025-11-24 22:37:51,262:INFO:Cross validating with KFold(n_splits=10, random_state=None, shuffle=False), n_jobs=-1
2025-11-24 22:37:52,027:INFO:Calculating mean and std
2025-11-24 22:37:52,029:INFO:Creating metrics dataframe
2025-11-24 22:37:52,031:INFO:Uploading results into container
2025-11-24 22:37:52,032:INFO:Uploading model into container now
2025-11-24 22:37:52,032:INFO:_master_model_container: 8
2025-11-24 22:37:52,032:INFO:_display_container: 2
2025-11-24 22:37:52,033:INFO:BayesianRidge()
2025-11-24 22:37:52,033:INFO:create_model() successfully completed......................................
2025-11-24 22:37:52,261:INFO:SubProcess create_model() end ==================================
2025-11-24 22:37:52,261:INFO:Creating metrics dataframe
2025-11-24 22:37:52,269:INFO:Initializing Passive Aggressive Regressor
2025-11-24 22:37:52,269:INFO:Total runtime is 0.6537114620208739 minutes
2025-11-24 22:37:52,273:INFO:SubProcess create_model() called ==================================
2025-11-24 22:37:52,273:INFO:Initializing create_model()
2025-11-24 22:37:52,273:INFO:create_model(self=<pycaret.regression.oop.RegressionExperiment object at 0x0000026B3BCA1270>, estimator=par, fold=KFold(n_splits=10, random_state=None, shuffle=False), round=4, cross_validation=True, predict=True, fit_kwargs={}, groups=None, refit=False, probability_threshold=None, experiment_custom_tags=None, verbose=False, system=False, add_to_model_list=True, metrics=None, display=<pycaret.internal.display.display.CommonDisplay object at 0x0000026B16624040>, model_only=True, return_train_score=False, error_score=0.0, kwargs={})
2025-11-24 22:37:52,273:INFO:Checking exceptions
2025-11-24 22:37:52,274:INFO:Importing libraries
2025-11-24 22:37:52,274:INFO:Copying training dataset
2025-11-24 22:37:52,285:INFO:Defining folds
2025-11-24 22:37:52,285:INFO:Declaring metric variables
2025-11-24 22:37:52,289:INFO:Importing untrained model
2025-11-24 22:37:52,292:INFO:Passive Aggressive Regressor Imported successfully
2025-11-24 22:37:52,299:INFO:Starting cross validation
2025-11-24 22:37:52,301:INFO:Cross validating with KFold(n_splits=10, random_state=None, shuffle=False), n_jobs=-1
2025-11-24 22:37:53,552:INFO:Calculating mean and std
2025-11-24 22:37:53,553:INFO:Creating metrics dataframe
2025-11-24 22:37:53,556:INFO:Uploading results into container
2025-11-24 22:37:53,556:INFO:Uploading model into container now
2025-11-24 22:37:53,557:INFO:_master_model_container: 9
2025-11-24 22:37:53,557:INFO:_display_container: 2
2025-11-24 22:37:53,558:INFO:PassiveAggressiveRegressor(random_state=42)
2025-11-24 22:37:53,558:INFO:create_model() successfully completed......................................
2025-11-24 22:37:53,786:INFO:SubProcess create_model() end ==================================
2025-11-24 22:37:53,787:INFO:Creating metrics dataframe
2025-11-24 22:37:53,796:INFO:Initializing Huber Regressor
2025-11-24 22:37:53,796:INFO:Total runtime is 0.6791566610336303 minutes
2025-11-24 22:37:53,799:INFO:SubProcess create_model() called ==================================
2025-11-24 22:37:53,800:INFO:Initializing create_model()
2025-11-24 22:37:53,800:INFO:create_model(self=<pycaret.regression.oop.RegressionExperiment object at 0x0000026B3BCA1270>, estimator=huber, fold=KFold(n_splits=10, random_state=None, shuffle=False), round=4, cross_validation=True, predict=True, fit_kwargs={}, groups=None, refit=False, probability_threshold=None, experiment_custom_tags=None, verbose=False, system=False, add_to_model_list=True, metrics=None, display=<pycaret.internal.display.display.CommonDisplay object at 0x0000026B16624040>, model_only=True, return_train_score=False, error_score=0.0, kwargs={})
2025-11-24 22:37:53,800:INFO:Checking exceptions
2025-11-24 22:37:53,800:INFO:Importing libraries
2025-11-24 22:37:53,800:INFO:Copying training dataset
2025-11-24 22:37:53,810:INFO:Defining folds
2025-11-24 22:37:53,812:INFO:Declaring metric variables
2025-11-24 22:37:53,814:INFO:Importing untrained model
2025-11-24 22:37:53,817:INFO:Huber Regressor Imported successfully
2025-11-24 22:37:53,823:INFO:Starting cross validation
2025-11-24 22:37:53,826:INFO:Cross validating with KFold(n_splits=10, random_state=None, shuffle=False), n_jobs=-1
2025-11-24 22:37:55,028:INFO:Calculating mean and std
2025-11-24 22:37:55,030:INFO:Creating metrics dataframe
2025-11-24 22:37:55,031:INFO:Uploading results into container
2025-11-24 22:37:55,033:INFO:Uploading model into container now
2025-11-24 22:37:55,034:INFO:_master_model_container: 10
2025-11-24 22:37:55,034:INFO:_display_container: 2
2025-11-24 22:37:55,034:INFO:HuberRegressor()
2025-11-24 22:37:55,034:INFO:create_model() successfully completed......................................
2025-11-24 22:37:55,262:INFO:SubProcess create_model() end ==================================
2025-11-24 22:37:55,263:INFO:Creating metrics dataframe
2025-11-24 22:37:55,272:INFO:Initializing K Neighbors Regressor
2025-11-24 22:37:55,272:INFO:Total runtime is 0.7037609616915383 minutes
2025-11-24 22:37:55,276:INFO:SubProcess create_model() called ==================================
2025-11-24 22:37:55,276:INFO:Initializing create_model()
2025-11-24 22:37:55,276:INFO:create_model(self=<pycaret.regression.oop.RegressionExperiment object at 0x0000026B3BCA1270>, estimator=knn, fold=KFold(n_splits=10, random_state=None, shuffle=False), round=4, cross_validation=True, predict=True, fit_kwargs={}, groups=None, refit=False, probability_threshold=None, experiment_custom_tags=None, verbose=False, system=False, add_to_model_list=True, metrics=None, display=<pycaret.internal.display.display.CommonDisplay object at 0x0000026B16624040>, model_only=True, return_train_score=False, error_score=0.0, kwargs={})
2025-11-24 22:37:55,276:INFO:Checking exceptions
2025-11-24 22:37:55,276:INFO:Importing libraries
2025-11-24 22:37:55,276:INFO:Copying training dataset
2025-11-24 22:37:55,288:INFO:Defining folds
2025-11-24 22:37:55,288:INFO:Declaring metric variables
2025-11-24 22:37:55,293:INFO:Importing untrained model
2025-11-24 22:37:55,296:INFO:K Neighbors Regressor Imported successfully
2025-11-24 22:37:55,303:INFO:Starting cross validation
2025-11-24 22:37:55,304:INFO:Cross validating with KFold(n_splits=10, random_state=None, shuffle=False), n_jobs=-1
2025-11-24 22:37:57,099:INFO:Calculating mean and std
2025-11-24 22:37:57,101:INFO:Creating metrics dataframe
2025-11-24 22:37:57,104:INFO:Uploading results into container
2025-11-24 22:37:57,104:INFO:Uploading model into container now
2025-11-24 22:37:57,104:INFO:_master_model_container: 11
2025-11-24 22:37:57,105:INFO:_display_container: 2
2025-11-24 22:37:57,105:INFO:KNeighborsRegressor(n_jobs=-1)
2025-11-24 22:37:57,105:INFO:create_model() successfully completed......................................
2025-11-24 22:37:57,338:INFO:SubProcess create_model() end ==================================
2025-11-24 22:37:57,338:INFO:Creating metrics dataframe
2025-11-24 22:37:57,348:INFO:Initializing Decision Tree Regressor
2025-11-24 22:37:57,348:INFO:Total runtime is 0.7383537967999775 minutes
2025-11-24 22:37:57,352:INFO:SubProcess create_model() called ==================================
2025-11-24 22:37:57,352:INFO:Initializing create_model()
2025-11-24 22:37:57,353:INFO:create_model(self=<pycaret.regression.oop.RegressionExperiment object at 0x0000026B3BCA1270>, estimator=dt, fold=KFold(n_splits=10, random_state=None, shuffle=False), round=4, cross_validation=True, predict=True, fit_kwargs={}, groups=None, refit=False, probability_threshold=None, experiment_custom_tags=None, verbose=False, system=False, add_to_model_list=True, metrics=None, display=<pycaret.internal.display.display.CommonDisplay object at 0x0000026B16624040>, model_only=True, return_train_score=False, error_score=0.0, kwargs={})
2025-11-24 22:37:57,353:INFO:Checking exceptions
2025-11-24 22:37:57,353:INFO:Importing libraries
2025-11-24 22:37:57,353:INFO:Copying training dataset
2025-11-24 22:37:57,364:INFO:Defining folds
2025-11-24 22:37:57,365:INFO:Declaring metric variables
2025-11-24 22:37:57,367:INFO:Importing untrained model
2025-11-24 22:37:57,371:INFO:Decision Tree Regressor Imported successfully
2025-11-24 22:37:57,376:INFO:Starting cross validation
2025-11-24 22:37:57,378:INFO:Cross validating with KFold(n_splits=10, random_state=None, shuffle=False), n_jobs=-1
2025-11-24 22:37:58,391:INFO:Calculating mean and std
2025-11-24 22:37:58,392:INFO:Creating metrics dataframe
2025-11-24 22:37:58,395:INFO:Uploading results into container
2025-11-24 22:37:58,396:INFO:Uploading model into container now
2025-11-24 22:37:58,397:INFO:_master_model_container: 12
2025-11-24 22:37:58,397:INFO:_display_container: 2
2025-11-24 22:37:58,398:INFO:DecisionTreeRegressor(random_state=42)
2025-11-24 22:37:58,398:INFO:create_model() successfully completed......................................
2025-11-24 22:37:58,626:INFO:SubProcess create_model() end ==================================
2025-11-24 22:37:58,626:INFO:Creating metrics dataframe
2025-11-24 22:37:58,634:INFO:Initializing Random Forest Regressor
2025-11-24 22:37:58,635:INFO:Total runtime is 0.75981254975001 minutes
2025-11-24 22:37:58,638:INFO:SubProcess create_model() called ==================================
2025-11-24 22:37:58,638:INFO:Initializing create_model()
2025-11-24 22:37:58,638:INFO:create_model(self=<pycaret.regression.oop.RegressionExperiment object at 0x0000026B3BCA1270>, estimator=rf, fold=KFold(n_splits=10, random_state=None, shuffle=False), round=4, cross_validation=True, predict=True, fit_kwargs={}, groups=None, refit=False, probability_threshold=None, experiment_custom_tags=None, verbose=False, system=False, add_to_model_list=True, metrics=None, display=<pycaret.internal.display.display.CommonDisplay object at 0x0000026B16624040>, model_only=True, return_train_score=False, error_score=0.0, kwargs={})
2025-11-24 22:37:58,638:INFO:Checking exceptions
2025-11-24 22:37:58,638:INFO:Importing libraries
2025-11-24 22:37:58,638:INFO:Copying training dataset
2025-11-24 22:37:58,650:INFO:Defining folds
2025-11-24 22:37:58,650:INFO:Declaring metric variables
2025-11-24 22:37:58,653:INFO:Importing untrained model
2025-11-24 22:37:58,656:INFO:Random Forest Regressor Imported successfully
2025-11-24 22:37:58,661:INFO:Starting cross validation
2025-11-24 22:37:58,663:INFO:Cross validating with KFold(n_splits=10, random_state=None, shuffle=False), n_jobs=-1
2025-11-24 22:38:16,948:INFO:Calculating mean and std
2025-11-24 22:38:16,952:INFO:Creating metrics dataframe
2025-11-24 22:38:16,957:INFO:Uploading results into container
2025-11-24 22:38:16,958:INFO:Uploading model into container now
2025-11-24 22:38:16,959:INFO:_master_model_container: 13
2025-11-24 22:38:16,959:INFO:_display_container: 2
2025-11-24 22:38:16,960:INFO:RandomForestRegressor(n_jobs=-1, random_state=42)
2025-11-24 22:38:16,960:INFO:create_model() successfully completed......................................
2025-11-24 22:38:17,336:INFO:SubProcess create_model() end ==================================
2025-11-24 22:38:17,336:INFO:Creating metrics dataframe
2025-11-24 22:38:17,346:INFO:Initializing Extra Trees Regressor
2025-11-24 22:38:17,346:INFO:Total runtime is 1.0716610074043271 minutes
2025-11-24 22:38:17,349:INFO:SubProcess create_model() called ==================================
2025-11-24 22:38:17,349:INFO:Initializing create_model()
2025-11-24 22:38:17,349:INFO:create_model(self=<pycaret.regression.oop.RegressionExperiment object at 0x0000026B3BCA1270>, estimator=et, fold=KFold(n_splits=10, random_state=None, shuffle=False), round=4, cross_validation=True, predict=True, fit_kwargs={}, groups=None, refit=False, probability_threshold=None, experiment_custom_tags=None, verbose=False, system=False, add_to_model_list=True, metrics=None, display=<pycaret.internal.display.display.CommonDisplay object at 0x0000026B16624040>, model_only=True, return_train_score=False, error_score=0.0, kwargs={})
2025-11-24 22:38:17,349:INFO:Checking exceptions
2025-11-24 22:38:17,349:INFO:Importing libraries
2025-11-24 22:38:17,349:INFO:Copying training dataset
2025-11-24 22:38:17,360:INFO:Defining folds
2025-11-24 22:38:17,360:INFO:Declaring metric variables
2025-11-24 22:38:17,364:INFO:Importing untrained model
2025-11-24 22:38:17,367:INFO:Extra Trees Regressor Imported successfully
2025-11-24 22:38:17,373:INFO:Starting cross validation
2025-11-24 22:38:17,374:INFO:Cross validating with KFold(n_splits=10, random_state=None, shuffle=False), n_jobs=-1
2025-11-24 22:38:41,898:INFO:Calculating mean and std
2025-11-24 22:38:42,520:INFO:Creating metrics dataframe
2025-11-24 22:38:43,293:INFO:Uploading results into container
2025-11-24 22:38:43,399:INFO:Uploading model into container now
2025-11-24 22:38:43,445:INFO:_master_model_container: 14
2025-11-24 22:38:43,445:INFO:_display_container: 2
2025-11-24 22:38:43,481:INFO:ExtraTreesRegressor(n_jobs=-1, random_state=42)
2025-11-24 22:38:43,482:INFO:create_model() successfully completed......................................
2025-11-24 22:38:46,485:INFO:SubProcess create_model() end ==================================
2025-11-24 22:38:46,485:INFO:Creating metrics dataframe
2025-11-24 22:38:46,657:INFO:Initializing AdaBoost Regressor
2025-11-24 22:38:46,657:INFO:Total runtime is 1.560179281234741 minutes
2025-11-24 22:38:46,703:INFO:SubProcess create_model() called ==================================
2025-11-24 22:38:46,733:INFO:Initializing create_model()
2025-11-24 22:38:46,733:INFO:create_model(self=<pycaret.regression.oop.RegressionExperiment object at 0x0000026B3BCA1270>, estimator=ada, fold=KFold(n_splits=10, random_state=None, shuffle=False), round=4, cross_validation=True, predict=True, fit_kwargs={}, groups=None, refit=False, probability_threshold=None, experiment_custom_tags=None, verbose=False, system=False, add_to_model_list=True, metrics=None, display=<pycaret.internal.display.display.CommonDisplay object at 0x0000026B16624040>, model_only=True, return_train_score=False, error_score=0.0, kwargs={})
2025-11-24 22:38:46,733:INFO:Checking exceptions
2025-11-24 22:38:46,733:INFO:Importing libraries
2025-11-24 22:38:46,776:INFO:Copying training dataset
2025-11-24 22:38:46,951:INFO:Defining folds
2025-11-24 22:38:46,951:INFO:Declaring metric variables
2025-11-24 22:38:46,954:INFO:Importing untrained model
2025-11-24 22:38:46,957:INFO:AdaBoost Regressor Imported successfully
2025-11-24 22:38:46,960:INFO:Starting cross validation
2025-11-24 22:38:46,989:INFO:Cross validating with KFold(n_splits=10, random_state=None, shuffle=False), n_jobs=-1
2025-11-24 22:38:51,325:INFO:Calculating mean and std
2025-11-24 22:38:51,327:INFO:Creating metrics dataframe
2025-11-24 22:38:51,329:INFO:Uploading results into container
2025-11-24 22:38:51,329:INFO:Uploading model into container now
2025-11-24 22:38:51,330:INFO:_master_model_container: 15
2025-11-24 22:38:51,330:INFO:_display_container: 2
2025-11-24 22:38:51,330:INFO:AdaBoostRegressor(random_state=42)
2025-11-24 22:38:51,330:INFO:create_model() successfully completed......................................
2025-11-24 22:38:51,567:INFO:SubProcess create_model() end ==================================
2025-11-24 22:38:51,567:INFO:Creating metrics dataframe
2025-11-24 22:38:51,647:INFO:Initializing Gradient Boosting Regressor
2025-11-24 22:38:51,648:INFO:Total runtime is 1.6433670997619627 minutes
2025-11-24 22:38:51,651:INFO:SubProcess create_model() called ==================================
2025-11-24 22:38:51,651:INFO:Initializing create_model()
2025-11-24 22:38:51,651:INFO:create_model(self=<pycaret.regression.oop.RegressionExperiment object at 0x0000026B3BCA1270>, estimator=gbr, fold=KFold(n_splits=10, random_state=None, shuffle=False), round=4, cross_validation=True, predict=True, fit_kwargs={}, groups=None, refit=False, probability_threshold=None, experiment_custom_tags=None, verbose=False, system=False, add_to_model_list=True, metrics=None, display=<pycaret.internal.display.display.CommonDisplay object at 0x0000026B16624040>, model_only=True, return_train_score=False, error_score=0.0, kwargs={})
2025-11-24 22:38:51,651:INFO:Checking exceptions
2025-11-24 22:38:51,651:INFO:Importing libraries
2025-11-24 22:38:51,651:INFO:Copying training dataset
2025-11-24 22:38:51,663:INFO:Defining folds
2025-11-24 22:38:51,663:INFO:Declaring metric variables
2025-11-24 22:38:51,665:INFO:Importing untrained model
2025-11-24 22:38:51,669:INFO:Gradient Boosting Regressor Imported successfully
2025-11-24 22:38:51,676:INFO:Starting cross validation
2025-11-24 22:38:51,677:INFO:Cross validating with KFold(n_splits=10, random_state=None, shuffle=False), n_jobs=-1
2025-11-24 22:38:56,729:INFO:Calculating mean and std
2025-11-24 22:38:56,731:INFO:Creating metrics dataframe
2025-11-24 22:38:56,734:INFO:Uploading results into container
2025-11-24 22:38:56,735:INFO:Uploading model into container now
2025-11-24 22:38:56,736:INFO:_master_model_container: 16
2025-11-24 22:38:56,736:INFO:_display_container: 2
2025-11-24 22:38:56,737:INFO:GradientBoostingRegressor(random_state=42)
2025-11-24 22:38:56,737:INFO:create_model() successfully completed......................................
2025-11-24 22:38:56,999:INFO:SubProcess create_model() end ==================================
2025-11-24 22:38:56,999:INFO:Creating metrics dataframe
2025-11-24 22:38:57,010:INFO:Initializing Extreme Gradient Boosting
2025-11-24 22:38:57,010:INFO:Total runtime is 1.732733619213104 minutes
2025-11-24 22:38:57,015:INFO:SubProcess create_model() called ==================================
2025-11-24 22:38:57,016:INFO:Initializing create_model()
2025-11-24 22:38:57,016:INFO:create_model(self=<pycaret.regression.oop.RegressionExperiment object at 0x0000026B3BCA1270>, estimator=xgboost, fold=KFold(n_splits=10, random_state=None, shuffle=False), round=4, cross_validation=True, predict=True, fit_kwargs={}, groups=None, refit=False, probability_threshold=None, experiment_custom_tags=None, verbose=False, system=False, add_to_model_list=True, metrics=None, display=<pycaret.internal.display.display.CommonDisplay object at 0x0000026B16624040>, model_only=True, return_train_score=False, error_score=0.0, kwargs={})
2025-11-24 22:38:57,016:INFO:Checking exceptions
2025-11-24 22:38:57,016:INFO:Importing libraries
2025-11-24 22:38:57,016:INFO:Copying training dataset
2025-11-24 22:38:57,048:INFO:Defining folds
2025-11-24 22:38:57,048:INFO:Declaring metric variables
2025-11-24 22:38:57,053:INFO:Importing untrained model
2025-11-24 22:38:57,063:INFO:Extreme Gradient Boosting Imported successfully
2025-11-24 22:38:57,068:INFO:Starting cross validation
2025-11-24 22:38:57,069:INFO:Cross validating with KFold(n_splits=10, random_state=None, shuffle=False), n_jobs=-1
2025-11-24 22:39:02,272:INFO:Calculating mean and std
2025-11-24 22:39:02,364:INFO:Creating metrics dataframe
2025-11-24 22:39:02,392:INFO:Uploading results into container
2025-11-24 22:39:02,393:INFO:Uploading model into container now
2025-11-24 22:39:02,394:INFO:_master_model_container: 17
2025-11-24 22:39:02,394:INFO:_display_container: 2
2025-11-24 22:39:02,430:INFO:XGBRegressor(base_score=None, booster='gbtree', callbacks=None,
             colsample_bylevel=None, colsample_bynode=None,
             colsample_bytree=None, device='cpu', early_stopping_rounds=None,
             enable_categorical=False, eval_metric=None, feature_types=None,
             feature_weights=None, gamma=None, grow_policy=None,
             importance_type=None, interaction_constraints=None,
             learning_rate=None, max_bin=None, max_cat_threshold=None,
             max_cat_to_onehot=None, max_delta_step=None, max_depth=None,
             max_leaves=None, min_child_weight=None, missing=nan,
             monotone_constraints=None, multi_strategy=None, n_estimators=None,
             n_jobs=-1, num_parallel_tree=None, ...)
2025-11-24 22:39:02,430:INFO:create_model() successfully completed......................................
2025-11-24 22:39:02,768:INFO:SubProcess create_model() end ==================================
2025-11-24 22:39:02,768:INFO:Creating metrics dataframe
2025-11-24 22:39:02,841:INFO:Initializing Light Gradient Boosting Machine
2025-11-24 22:39:02,841:INFO:Total runtime is 1.8299166123072304 minutes
2025-11-24 22:39:02,845:INFO:SubProcess create_model() called ==================================
2025-11-24 22:39:02,846:INFO:Initializing create_model()
2025-11-24 22:39:02,846:INFO:create_model(self=<pycaret.regression.oop.RegressionExperiment object at 0x0000026B3BCA1270>, estimator=lightgbm, fold=KFold(n_splits=10, random_state=None, shuffle=False), round=4, cross_validation=True, predict=True, fit_kwargs={}, groups=None, refit=False, probability_threshold=None, experiment_custom_tags=None, verbose=False, system=False, add_to_model_list=True, metrics=None, display=<pycaret.internal.display.display.CommonDisplay object at 0x0000026B16624040>, model_only=True, return_train_score=False, error_score=0.0, kwargs={})
2025-11-24 22:39:02,846:INFO:Checking exceptions
2025-11-24 22:39:02,846:INFO:Importing libraries
2025-11-24 22:39:02,846:INFO:Copying training dataset
2025-11-24 22:39:02,861:INFO:Defining folds
2025-11-24 22:39:02,862:INFO:Declaring metric variables
2025-11-24 22:39:02,866:INFO:Importing untrained model
2025-11-24 22:39:02,870:INFO:Light Gradient Boosting Machine Imported successfully
2025-11-24 22:39:02,876:INFO:Starting cross validation
2025-11-24 22:39:02,878:INFO:Cross validating with KFold(n_splits=10, random_state=None, shuffle=False), n_jobs=-1
2025-11-24 22:39:07,416:INFO:Calculating mean and std
2025-11-24 22:39:07,418:INFO:Creating metrics dataframe
2025-11-24 22:39:07,423:INFO:Uploading results into container
2025-11-24 22:39:07,424:INFO:Uploading model into container now
2025-11-24 22:39:07,424:INFO:_master_model_container: 18
2025-11-24 22:39:07,425:INFO:_display_container: 2
2025-11-24 22:39:07,426:INFO:LGBMRegressor(n_jobs=-1, random_state=42)
2025-11-24 22:39:07,426:INFO:create_model() successfully completed......................................
2025-11-24 22:39:07,658:INFO:SubProcess create_model() end ==================================
2025-11-24 22:39:07,658:INFO:Creating metrics dataframe
2025-11-24 22:39:07,680:INFO:Initializing CatBoost Regressor
2025-11-24 22:39:07,681:INFO:Total runtime is 1.9105602025985715 minutes
2025-11-24 22:39:07,684:INFO:SubProcess create_model() called ==================================
2025-11-24 22:39:07,684:INFO:Initializing create_model()
2025-11-24 22:39:07,730:INFO:create_model(self=<pycaret.regression.oop.RegressionExperiment object at 0x0000026B3BCA1270>, estimator=catboost, fold=KFold(n_splits=10, random_state=None, shuffle=False), round=4, cross_validation=True, predict=True, fit_kwargs={}, groups=None, refit=False, probability_threshold=None, experiment_custom_tags=None, verbose=False, system=False, add_to_model_list=True, metrics=None, display=<pycaret.internal.display.display.CommonDisplay object at 0x0000026B16624040>, model_only=True, return_train_score=False, error_score=0.0, kwargs={})
2025-11-24 22:39:07,730:INFO:Checking exceptions
2025-11-24 22:39:07,730:INFO:Importing libraries
2025-11-24 22:39:07,730:INFO:Copying training dataset
2025-11-24 22:39:07,740:INFO:Defining folds
2025-11-24 22:39:07,740:INFO:Declaring metric variables
2025-11-24 22:39:07,742:INFO:Importing untrained model
2025-11-24 22:39:08,068:INFO:CatBoost Regressor Imported successfully
2025-11-24 22:39:08,075:INFO:Starting cross validation
2025-11-24 22:39:08,077:INFO:Cross validating with KFold(n_splits=10, random_state=None, shuffle=False), n_jobs=-1
2025-11-24 22:39:47,953:INFO:Calculating mean and std
2025-11-24 22:39:47,955:INFO:Creating metrics dataframe
2025-11-24 22:39:47,957:INFO:Uploading results into container
2025-11-24 22:39:47,958:INFO:Uploading model into container now
2025-11-24 22:39:47,958:INFO:_master_model_container: 19
2025-11-24 22:39:47,958:INFO:_display_container: 2
2025-11-24 22:39:47,959:INFO:<catboost.core.CatBoostRegressor object at 0x0000026B16627490>
2025-11-24 22:39:47,959:INFO:create_model() successfully completed......................................
2025-11-24 22:39:48,211:INFO:SubProcess create_model() end ==================================
2025-11-24 22:39:48,213:INFO:Creating metrics dataframe
2025-11-24 22:39:48,305:INFO:Initializing Dummy Regressor
2025-11-24 22:39:48,306:INFO:Total runtime is 2.5876627445220945 minutes
2025-11-24 22:39:48,313:INFO:SubProcess create_model() called ==================================
2025-11-24 22:39:48,314:INFO:Initializing create_model()
2025-11-24 22:39:48,314:INFO:create_model(self=<pycaret.regression.oop.RegressionExperiment object at 0x0000026B3BCA1270>, estimator=dummy, fold=KFold(n_splits=10, random_state=None, shuffle=False), round=4, cross_validation=True, predict=True, fit_kwargs={}, groups=None, refit=False, probability_threshold=None, experiment_custom_tags=None, verbose=False, system=False, add_to_model_list=True, metrics=None, display=<pycaret.internal.display.display.CommonDisplay object at 0x0000026B16624040>, model_only=True, return_train_score=False, error_score=0.0, kwargs={})
2025-11-24 22:39:48,314:INFO:Checking exceptions
2025-11-24 22:39:48,314:INFO:Importing libraries
2025-11-24 22:39:48,314:INFO:Copying training dataset
2025-11-24 22:39:48,349:INFO:Defining folds
2025-11-24 22:39:48,350:INFO:Declaring metric variables
2025-11-24 22:39:48,353:INFO:Importing untrained model
2025-11-24 22:39:48,356:INFO:Dummy Regressor Imported successfully
2025-11-24 22:39:48,361:INFO:Starting cross validation
2025-11-24 22:39:48,363:INFO:Cross validating with KFold(n_splits=10, random_state=None, shuffle=False), n_jobs=-1
2025-11-24 22:39:49,121:INFO:Calculating mean and std
2025-11-24 22:39:49,122:INFO:Creating metrics dataframe
2025-11-24 22:39:49,124:INFO:Uploading results into container
2025-11-24 22:39:49,125:INFO:Uploading model into container now
2025-11-24 22:39:49,125:INFO:_master_model_container: 20
2025-11-24 22:39:49,125:INFO:_display_container: 2
2025-11-24 22:39:49,126:INFO:DummyRegressor()
2025-11-24 22:39:49,126:INFO:create_model() successfully completed......................................
2025-11-24 22:39:49,357:INFO:SubProcess create_model() end ==================================
2025-11-24 22:39:49,358:INFO:Creating metrics dataframe
2025-11-24 22:39:49,442:WARNING:c:\Users\iljas\AppData\Local\Programs\Python\Python310\lib\site-packages\pycaret\internal\pycaret_experiment\supervised_experiment.py:323: FutureWarning: Styler.applymap has been deprecated. Use Styler.map instead.

2025-11-24 22:39:49,508:INFO:Initializing create_model()
2025-11-24 22:39:49,509:INFO:create_model(self=<pycaret.regression.oop.RegressionExperiment object at 0x0000026B3BCA1270>, estimator=LGBMRegressor(n_jobs=-1, random_state=42), fold=KFold(n_splits=10, random_state=None, shuffle=False), round=4, cross_validation=False, predict=False, fit_kwargs={}, groups=None, refit=True, probability_threshold=None, experiment_custom_tags=None, verbose=False, system=False, add_to_model_list=True, metrics=None, display=None, model_only=True, return_train_score=False, error_score=0.0, kwargs={})
2025-11-24 22:39:49,509:INFO:Checking exceptions
2025-11-24 22:39:49,572:INFO:Importing libraries
2025-11-24 22:39:49,572:INFO:Copying training dataset
2025-11-24 22:39:49,584:INFO:Defining folds
2025-11-24 22:39:49,584:INFO:Declaring metric variables
2025-11-24 22:39:49,584:INFO:Importing untrained model
2025-11-24 22:39:49,584:INFO:Declaring custom model
2025-11-24 22:39:49,585:INFO:Light Gradient Boosting Machine Imported successfully
2025-11-24 22:39:49,587:INFO:Cross validation set to False
2025-11-24 22:39:49,587:INFO:Fitting Model
2025-11-24 22:39:51,960:INFO:[LightGBM] [Info] Auto-choosing row-wise multi-threading, the overhead of testing was 0.003361 seconds.
2025-11-24 22:39:51,961:INFO:You can set `force_row_wise=true` to remove the overhead.
2025-11-24 22:39:51,961:INFO:And if memory is not enough, you can set `force_col_wise=true`.
2025-11-24 22:39:51,961:INFO:[LightGBM] [Info] Total Bins 685
2025-11-24 22:39:51,964:INFO:[LightGBM] [Info] Number of data points in the train set: 35000, number of used features: 11
2025-11-24 22:39:51,969:INFO:[LightGBM] [Info] Start training from score 174308.949429
2025-11-24 22:39:52,238:INFO:LGBMRegressor(n_jobs=-1, random_state=42)
2025-11-24 22:39:52,238:INFO:create_model() successfully completed......................................
2025-11-24 22:39:52,532:INFO:_master_model_container: 20
2025-11-24 22:39:52,532:INFO:_display_container: 2
2025-11-24 22:39:52,533:INFO:LGBMRegressor(n_jobs=-1, random_state=42)
2025-11-24 22:39:52,533:INFO:compare_models() successfully completed......................................
2025-11-24 22:39:52,575:INFO:Initializing save_model()
2025-11-24 22:39:52,576:INFO:save_model(model=LGBMRegressor(n_jobs=-1, random_state=42), model_name=house_price_pycaret_model, prep_pipe_=Pipeline(memory=FastMemory(location=C:\Users\iljas\AppData\Local\Temp\joblib),
         steps=[('numerical_imputer',
                 TransformerWrapper(include=['year', 'month'],
                                    transformer=SimpleImputer())),
                ('categorical_imputer',
                 TransformerWrapper(include=['property_type', 'old_or_new',
                                             'duration', 'town_or_city',
                                             'district', 'county'],
                                    transformer=SimpleImputer(strategy='most_fr...
                 TransformerWrapper(include=['property_type'],
                                    transformer=OneHotEncoder(cols=['property_type'],
                                                              handle_missing='return_nan',
                                                              use_cat_names=True))),
                ('rest_encoding',
                 TransformerWrapper(include=['town_or_city', 'district',
                                             'county'],
                                    transformer=TargetEncoder(cols=['town_or_city',
                                                                    'district',
                                                                    'county'],
                                                              handle_missing='return_nan'))),
                ('normalize',
                 TransformerWrapper(transformer=StandardScaler()))]), verbose=True, use_case=MLUsecase.REGRESSION, kwargs={})
2025-11-24 22:39:52,576:INFO:Adding model into prep_pipe
2025-11-24 22:39:52,600:INFO:house_price_pycaret_model.pkl saved in current working directory
2025-11-24 22:39:52,651:INFO:Pipeline(memory=Memory(location=None),
         steps=[('numerical_imputer',
                 TransformerWrapper(include=['year', 'month'],
                                    transformer=SimpleImputer())),
                ('categorical_imputer',
                 TransformerWrapper(include=['property_type', 'old_or_new',
                                             'duration', 'town_or_city',
                                             'district', 'county'],
                                    transformer=SimpleImputer(strategy='most_frequent'))),
                ('ordinal_encoding',
                 Transform...
                                                              handle_missing='return_nan',
                                                              use_cat_names=True))),
                ('rest_encoding',
                 TransformerWrapper(include=['town_or_city', 'district',
                                             'county'],
                                    transformer=TargetEncoder(cols=['town_or_city',
                                                                    'district',
                                                                    'county'],
                                                              handle_missing='return_nan'))),
                ('normalize', TransformerWrapper(transformer=StandardScaler())),
                ('trained_model', LGBMRegressor(n_jobs=-1, random_state=42))])
2025-11-24 22:39:52,651:INFO:save_model() successfully completed......................................
